2021-07-14T12:03:58.493166, 54.57545, -1.2376133333, causesLilith, o, 0, 10, 12, 13, 1689, 488, 61, 6, 2, 0, 12345, 10.0, 12.0, 13.0, 1689.0, 488.0, 61.0, 6.0, 2.0, 0.0, 12345.0, 
2021-07-14T12:03:58.592387, 54.5754516667, -1.2376166667, causesLilith, o, 0, 10, 12, 13, 1689, 488, 61, 6, 2, 0, 12345, 10.0, 12.0, 13.0, 1689.0, 488.0, 61.0, 6.0, 2.0, 0.0, 12345.0, 
2021-07-14T12:03:58.705306, 54.575455, -1.2376116667, causesLilith, o, 0, 10, 12, 12, 1689, 488, 63, 4, 0, 0, 12345, 10.0, 12.0, 12.0, 1689.0, 488.0, 63.0, 4.0, 0.0, 0.0, 12345.0, 
2021-07-14T12:03:58.816281, 54.5754566667, -1.2376066667, causesLilith, o, 0, 10, 12, 12, 1689, 488, 63, 4, 0, 0, 12345, 10.0, 12.0, 12.0, 1689.0, 488.0, 63.0, 4.0, 0.0, 0.0, 12345.0, 
2021-07-14T12:03:58.926961, 54.5754583333, -1.237605, causesLilith, o, 0, 10, 13, 14, 1743, 503, 76, 6, 2, 0, 12345, 10.0, 13.0, 14.0, 1743.0, 503.0, 76.0, 6.0, 2.0, 0.0, 12345.0, 
2021-07-14T12:03:59.737756, 54.57546, -1.2376016667, causesLilith, o, 0, 10, 13, 14, 1743, 503, 76, 6, 2, 0, 12345, 10.0, 13.0, 14.0, 1743.0, 503.0, 76.0, 6.0, 2.0, 0.0, 12345.0, 
2021-07-14T12:04:00.773254, 54.5754616667, -1.2376016667, causesLilith, o, 0, 10, 14, 15, 1824, 531, 76, 6, 2, 0, 12345, 10.0, 14.0, 15.0, 1824.0, 531.0, 76.0, 6.0, 2.0, 0.0, 12345.0, 
2021-07-14T12:04:01.777816, 54.5754633333, -1.2376016667, causesLilith, o, 0, 10, 14, 15, 1929, 571, 88, 6, 2, 0, 12345, 10.0, 14.0, 15.0, 1929.0, 571.0, 88.0, 6.0, 2.0, 0.0, 12345.0, 
2021-07-14T12:04:02.690902, 54.5754666667, -1.2375983333, causesLilith, o, 0, 10, 14, 15, 1929, 571, 88, 6, 2, 0, 12345, 10.0, 14.0, 15.0, 1929.0, 571.0, 88.0, 6.0, 2.0, 0.0, 12345.0, 
2021-07-14T12:04:03.804689, 54.5754716667, -1.237575, causesLilith, o, 0, 11, 14, 15, 1980, 586, 92, 6, 2, 0, 12345, 11.0, 14.0, 15.0, 1980.0, 586.0, 92.0, 6.0, 2.0, 0.0, 12345.0, 
2021-07-14T12:04:04.818007, 54.5754716667, -1.2375566667, causesLilith, o, 0, 11, 14, 15, 1980, 586, 92, 6, 2, 0, 12345, 11.0, 14.0, 15.0, 1980.0, 586.0, 92.0, 6.0, 2.0, 0.0, 12345.0, 
2021-07-14T12:04:05.853541, 54.575475, -1.23754, causesLilith, o, 0, 10, 15, 18, 2061, 601, 102, 10, 6, 0, 12345, 10.0, 15.0, 18.0, 2061.0, 601.0, 102.0, 10.0, 6.0, 0.0, 12345.0, 
2021-07-14T12:04:06.778947, 54.5754716667, -1.23752, causesLilith, w, 0, 10, 15, 18, 2061, 601, 102, 10, 6, 0, 12345, 10.0, 15.0, 18.0, 2061.0, 601.0, 102.0, 10.0, 6.0, 0.0, 12345.0, 
2021-07-14T12:04:07.804256, 54.57547, -1.2374866667, causesLilith, w, 0, 10, 15, 18, 2055, 598, 102, 12, 6, 0, 12345, 10.0, 15.0, 18.0, 2055.0, 598.0, 102.0, 12.0, 6.0, 0.0, 12345.0, 
2021-07-14T12:04:08.729536, 54.57547, -1.2374516667, causesLilith, w, 0, 10, 15, 18, 2055, 598, 102, 12, 6, 0, 12345, 10.0, 15.0, 18.0, 2055.0, 598.0, 102.0, 12.0, 6.0, 0.0, 12345.0, 
2021-07-14T12:04:09.754780, 54.57547, -1.237415, causesLilith, w, 0, 10, 16, 20, 2010, 598, 115, 14, 8, 2, 12345, 10.0, 16.0, 20.0, 2010.0, 598.0, 115.0, 14.0, 8.0, 2.0, 12345.0, 
2021-07-14T12:04:10.780759, 54.5754666667, -1.2373783333, causesLilith, w, 0, 11, 16, 21, 2064, 618, 119, 14, 8, 2, 12345, 11.0, 16.0, 21.0, 2064.0, 618.0, 119.0, 14.0, 8.0, 2.0, 12345.0, 
2021-07-14T12:04:11.806448, 54.5754616667, -1.2373416667, causesLilith, w, 0, 11, 16, 21, 2064, 618, 119, 14, 8, 2, 12345, 11.0, 16.0, 21.0, 2064.0, 618.0, 119.0, 14.0, 8.0, 2.0, 12345.0, 
2021-07-14T12:04:12.911222, 54.5754583333, -1.2373066667, causesLilith, w, 0, 11, 16, 23, 2079, 636, 119, 16, 10, 4, 12345, 11.0, 16.0, 23.0, 2079.0, 636.0, 119.0, 16.0, 10.0, 4.0, 12345.0, 
2021-07-14T12:04:13.823586, 54.5754533333, -1.2372716667, causesLilith, w, 0, 11, 16, 23, 2079, 636, 119, 16, 10, 4, 12345, 11.0, 16.0, 23.0, 2079.0, 636.0, 119.0, 16.0, 10.0, 4.0, 12345.0, 
2021-07-14T12:04:14.737505, 54.5754533333, -1.2372366667, causesLilith, e, 0.0026249749152771, 11, 17, 23, 2085, 643, 117, 16, 10, 4, 12345, 11.0, 17.0, 23.0, 2085.0, 643.0, 117.0, 16.0, 10.0, 4.0, 12345.0, 
2021-07-14T12:04:15.774257, 54.5754583333, -1.2372016667, causesLilith, e, 0.0026249749152771, 11, 17, 23, 2085, 643, 117, 16, 10, 4, 12345, 11.0, 17.0, 23.0, 2085.0, 643.0, 117.0, 16.0, 10.0, 4.0, 12345.0, 
2021-07-14T12:04:16.800868, 54.5754566667, -1.2371716667, causesLilith, e, 0.0026249749152771, 11, 15, 21, 1986, 613, 100, 12, 8, 4, 12345, 11.0, 15.0, 21.0, 1986.0, 613.0, 100.0, 12.0, 8.0, 4.0, 12345.0, 
2021-07-14T12:04:17.827768, 54.5754733333, -1.2371416667, causesLilith, e, 0.0026249749152771, 10, 14, 19, 1851, 563, 85, 12, 8, 4, 12345, 10.0, 14.0, 19.0, 1851.0, 563.0, 85.0, 12.0, 8.0, 4.0, 12345.0, 
2021-07-14T12:04:18.754680, 54.5754833333, -1.2371233333, causesLilith, e, 0.0026249749152771, 10, 14, 19, 1851, 563, 85, 12, 8, 4, 12345, 10.0, 14.0, 19.0, 1851.0, 563.0, 85.0, 12.0, 8.0, 4.0, 12345.0, 
2021-07-14T12:04:19.789395, 54.5754966667, -1.2371066667, causesLilith, e, 0.0026249749152771, 9, 12, 17, 1731, 515, 77, 12, 8, 4, 12345, 9.0, 12.0, 17.0, 1731.0, 515.0, 77.0, 12.0, 8.0, 4.0, 12345.0, 
2021-07-14T12:04:20.821277, 54.5755166667, -1.2370916667, causesLilith, e, 0.0026249749152771, 9, 12, 17, 1731, 515, 77, 12, 8, 4, 12345, 9.0, 12.0, 17.0, 1731.0, 515.0, 77.0, 12.0, 8.0, 4.0, 12345.0, 
2021-07-14T12:04:21.839616, 54.575545, -1.237085, causesLilith, e, 0.0026249749152771, 8, 11, 16, 1620, 473, 75, 12, 8, 4, 12345, 8.0, 11.0, 16.0, 1620.0, 473.0, 75.0, 12.0, 8.0, 4.0, 12345.0, 
2021-07-14T12:04:22.875544, 54.575575, -1.23707, causesLilith, se, 0.0024677960694724, 8, 11, 16, 1620, 473, 75, 12, 8, 4, 12345, 8.0, 11.0, 16.0, 1620.0, 473.0, 75.0, 12.0, 8.0, 4.0, 12345.0, 
2021-07-14T12:04:23.802405, 54.5756033333, -1.2370666667, causesLilith, se, 0.0024677960694724, 8, 13, 16, 1626, 491, 78, 10, 4, 4, 12345, 8.0, 13.0, 16.0, 1626.0, 491.0, 78.0, 10.0, 4.0, 4.0, 12345.0, 
2021-07-14T12:04:24.834470, 54.5756366667, -1.23706, causesLilith, se, 0.0024677960694724, 8, 13, 14, 1671, 499, 75, 8, 2, 2, 12345, 8.0, 13.0, 14.0, 1671.0, 499.0, 75.0, 8.0, 2.0, 2.0, 12345.0, 
2021-07-14T12:04:25.864589, 54.57567, -1.2370516667, causesLilith, se, 0.0024677960694724, 8, 12, 14, 1662, 494, 73, 8, 2, 2, 12345, 8.0, 12.0, 14.0, 1662.0, 494.0, 73.0, 8.0, 2.0, 2.0, 12345.0, 
2021-07-14T12:04:26.891596, 54.5756983333, -1.2370366667, causesLilith, se, 0.0024677960694724, 8, 12, 12, 1572, 464, 68, 6, 0, 0, 12345, 8.0, 12.0, 12.0, 1572.0, 464.0, 68.0, 6.0, 0.0, 0.0, 12345.0, 
2021-07-14T12:04:27.819328, 54.5757266667, -1.2370333333, causesLilith, se, 0.0024677960694724, 8, 12, 12, 1602, 469, 68, 6, 0, 0, 12345, 8.0, 12.0, 12.0, 1602.0, 469.0, 68.0, 6.0, 0.0, 0.0, 12345.0, 
2021-07-14T12:04:28.846138, 54.5757533333, -1.237025, causesLilith, se, 0.0024677960694724, 8, 12, 12, 1632, 474, 77, 6, 0, 0, 12345, 8.0, 12.0, 12.0, 1632.0, 474.0, 77.0, 6.0, 0.0, 0.0, 12345.0, 
2021-07-14T12:04:29.874071, 54.5757816667, -1.2370233333, causesLilith, se, 0.0024677960694724, 9, 15, 15, 1866, 546, 92, 8, 0, 0, 12345, 9.0, 15.0, 15.0, 1866.0, 546.0, 92.0, 8.0, 0.0, 0.0, 12345.0, 
2021-07-14T12:04:30.901121, 54.57581, -1.2370183333, causesLilith, s, 0.0037631826592503, 10, 16, 16, 1962, 586, 100, 8, 0, 0, 12345, 10.0, 16.0, 16.0, 1962.0, 586.0, 100.0, 8.0, 0.0, 0.0, 12345.0, 
2021-07-14T12:04:31.828562, 54.5758333333, -1.2370133333, causesLilith, s, 0.0037631826592503, 12, 19, 19, 2172, 658, 115, 10, 0, 0, 12345, 12.0, 19.0, 19.0, 2172.0, 658.0, 115.0, 10.0, 0.0, 0.0, 12345.0, 
2021-07-14T12:04:32.855507, 54.575855, -1.2370083333, causesLilith, s, 0.0037631826592503, 12, 19, 20, 2226, 675, 110, 8, 2, 0, 12345, 12.0, 19.0, 20.0, 2226.0, 675.0, 110.0, 8.0, 2.0, 0.0, 12345.0, 
2021-07-14T12:04:33.782380, 54.57588, -1.2370016667, causesLilith, s, 0.0037631826592503, 11, 17, 19, 2196, 652, 97, 8, 2, 0, 12345, 11.0, 17.0, 19.0, 2196.0, 652.0, 97.0, 8.0, 2.0, 0.0, 12345.0, 
2021-07-14T12:04:34.810140, 54.5759033333, -1.2369933333, causesLilith, s, 0.0037631826592503, 11, 16, 18, 2121, 629, 90, 6, 2, 0, 12345, 11.0, 16.0, 18.0, 2121.0, 629.0, 90.0, 6.0, 2.0, 0.0, 12345.0, 
2021-07-14T12:04:35.537687, 54.5759266667, -1.2369833333, causesLilith, s, 0.0037631826592503, 11, 17, 18, 2136, 631, 100, 6, 2, 0, 12345, 11.0, 17.0, 18.0, 2136.0, 631.0, 100.0, 6.0, 2.0, 0.0, 12345.0, 
2021-07-14T12:04:36.865949, 54.5759466667, -1.2369783333, causesLilith, s, 0.0037631826592503, 11, 17, 18, 2136, 631, 100, 6, 2, 0, 12345, 11.0, 17.0, 18.0, 2136.0, 631.0, 100.0, 6.0, 2.0, 0.0, 12345.0, 
2021-07-14T12:04:37.692315, 54.575965, -1.236975, causesLilith, s, 0.0037631826592503, 11, 17, 19, 2157, 638, 105, 10, 4, 0, 12345, 11.0, 17.0, 19.0, 2157.0, 638.0, 105.0, 10.0, 4.0, 0.0, 12345.0, 
2021-07-14T12:04:38.724232, 54.5759883333, -1.23697, causesLilith, s, 0.0028675925397633, 11, 17, 19, 2157, 638, 105, 10, 4, 0, 12345, 11.0, 17.0, 19.0, 2157.0, 638.0, 105.0, 10.0, 4.0, 0.0, 12345.0, 
2021-07-14T12:04:39.751449, 54.57601, -1.2369683333, causesLilith, s, 0.0028675925397633, 12, 18, 20, 2256, 661, 105, 12, 4, 0, 12345, 12.0, 18.0, 20.0, 2256.0, 661.0, 105.0, 12.0, 4.0, 0.0, 12345.0, 
2021-07-14T12:04:40.778909, 54.57603, -1.2369683333, causesLilith, s, 0.0028675925397633, 12, 18, 20, 2256, 661, 105, 12, 4, 0, 12345, 12.0, 18.0, 20.0, 2256.0, 661.0, 105.0, 12.0, 4.0, 0.0, 12345.0, 
2021-07-14T12:04:41.814043, 54.576045, -1.23696, causesLilith, s, 0.0028675925397633, 12, 17, 20, 2235, 653, 98, 12, 4, 0, 12345, 12.0, 17.0, 20.0, 2235.0, 653.0, 98.0, 12.0, 4.0, 0.0, 12345.0, 
2021-07-14T12:04:42.841551, 54.5760666667, -1.2369633333, causesLilith, s, 0.0028675925397633, 11, 15, 17, 2070, 601, 83, 10, 4, 0, 12345, 11.0, 15.0, 17.0, 2070.0, 601.0, 83.0, 10.0, 4.0, 0.0, 12345.0, 
2021-07-14T12:04:43.768464, 54.57609, -1.2369633333, causesLilith, s, 0.0028675925397633, 11, 15, 17, 2070, 601, 83, 10, 4, 0, 12345, 11.0, 15.0, 17.0, 2070.0, 601.0, 83.0, 10.0, 4.0, 0.0, 12345.0, 
2021-07-14T12:04:44.795117, 54.5761116667, -1.23696, causesLilith, s, 0.0028675925397633, 10, 14, 16, 1950, 564, 80, 10, 4, 0, 12345, 10.0, 14.0, 16.0, 1950.0, 564.0, 80.0, 10.0, 4.0, 0.0, 12345.0, 
2021-07-14T12:04:45.821982, 54.576135, -1.2369583333, causesLilith, s, 0.0028675925397633, 10, 14, 16, 1950, 564, 80, 10, 4, 0, 12345, 10.0, 14.0, 16.0, 1950.0, 564.0, 80.0, 10.0, 4.0, 0.0, 12345.0, 
2021-07-14T12:04:46.849978, 54.5761583333, -1.2369566667, causesLilith, s, 0.0027032330883564, 10, 13, 15, 1866, 542, 70, 8, 4, 0, 12345, 10.0, 13.0, 15.0, 1866.0, 542.0, 70.0, 8.0, 4.0, 0.0, 12345.0, 
2021-07-14T12:04:47.876719, 54.57618, -1.2369616667, causesLilith, s, 0.0027032330883564, 10, 13, 15, 1866, 542, 70, 8, 4, 0, 12345, 10.0, 13.0, 15.0, 1866.0, 542.0, 70.0, 8.0, 4.0, 0.0, 12345.0, 
2021-07-14T12:04:48.803274, 54.5762, -1.2369583333, causesLilith, s, 0.0027032330883564, 9, 12, 13, 1707, 497, 63, 6, 2, 0, 12345, 9.0, 12.0, 13.0, 1707.0, 497.0, 63.0, 6.0, 2.0, 0.0, 12345.0, 
2021-07-14T12:04:49.830484, 54.5762216667, -1.2369533333, causesLilith, s, 0.0027032330883564, 9, 12, 14, 1596, 472, 63, 8, 2, 0, 12345, 9.0, 12.0, 14.0, 1596.0, 472.0, 63.0, 8.0, 2.0, 0.0, 12345.0, 
2021-07-14T12:04:50.858108, 54.5762433333, -1.2369366667, causesLilith, s, 0.0027032330883564, 9, 12, 14, 1596, 472, 63, 8, 2, 0, 12345, 9.0, 12.0, 14.0, 1596.0, 472.0, 63.0, 8.0, 2.0, 0.0, 12345.0, 
2021-07-14T12:04:51.784542, 54.5762666667, -1.2368966667, causesLilith, s, 0.0027032330883564, 10, 13, 14, 1695, 490, 63, 8, 2, 0, 12345, 10.0, 13.0, 14.0, 1695.0, 490.0, 63.0, 8.0, 2.0, 0.0, 12345.0, 
2021-07-14T12:04:52.812496, 54.5762933333, -1.2368533333, causesLilith, s, 0.0027032330883564, 9, 12, 13, 1695, 490, 63, 8, 2, 0, 12345, 9.0, 12.0, 13.0, 1695.0, 490.0, 63.0, 8.0, 2.0, 0.0, 12345.0, 
2021-07-14T12:04:53.720842, 54.5763333333, -1.2367816667, causesLilith, s, 0.0027032330883564, 8, 11, 12, 1644, 475, 51, 8, 2, 0, 12345, 8.0, 11.0, 12.0, 1644.0, 475.0, 51.0, 8.0, 2.0, 0.0, 12345.0, 
2021-07-14T12:04:54.735221, 54.576365, -1.2367566667, causesLilith, se, 0.0037640867741326, 8, 11, 12, 1644, 475, 51, 8, 2, 0, 12345, 8.0, 11.0, 12.0, 1644.0, 475.0, 51.0, 8.0, 2.0, 0.0, 12345.0, 
2021-07-14T12:04:55.772675, 54.5763933333, -1.236695, causesLilith, se, 0.0037640867741326, 9, 11, 11, 1668, 483, 51, 6, 0, 0, 12345, 9.0, 11.0, 11.0, 1668.0, 483.0, 51.0, 6.0, 0.0, 0.0, 12345.0, 
2021-07-14T12:04:56.799483, 54.5764116667, -1.23663, causesLilith, se, 0.0037640867741326, 9, 11, 11, 1668, 483, 51, 6, 0, 0, 12345, 9.0, 11.0, 11.0, 1668.0, 483.0, 51.0, 6.0, 0.0, 0.0, 12345.0, 
2021-07-14T12:04:57.826815, 54.57642, -1.2365833333, causesLilith, se, 0.0037640867741326, 9, 11, 11, 1614, 470, 48, 4, 0, 0, 12345, 9.0, 11.0, 11.0, 1614.0, 470.0, 48.0, 4.0, 0.0, 0.0, 12345.0, 
2021-07-14T12:04:58.753221, 54.57644, -1.2365333333, causesLilith, se, 0.0037640867741326, 9, 11, 11, 1590, 468, 46, 4, 0, 0, 12345, 9.0, 11.0, 11.0, 1590.0, 468.0, 46.0, 4.0, 0.0, 0.0, 12345.0, 
2021-07-14T12:04:59.779509, 54.576435, -1.23649, causesLilith, se, 0.0037640867741326, 9, 11, 11, 1590, 468, 46, 4, 0, 0, 12345, 9.0, 11.0, 11.0, 1590.0, 468.0, 46.0, 4.0, 0.0, 0.0, 12345.0, 
2021-07-14T12:05:00.806480, 54.5764266667, -1.236455, causesLilith, se, 0.0037640867741326, 8, 10, 10, 1500, 445, 56, 4, 0, 0, 12345, 8.0, 10.0, 10.0, 1500.0, 445.0, 56.0, 4.0, 0.0, 0.0, 12345.0, 
2021-07-14T12:05:01.832777, 54.5764116667, -1.23641, causesLilith, se, 0.0037640867741326, 8, 10, 10, 1500, 445, 56, 4, 0, 0, 12345, 8.0, 10.0, 10.0, 1500.0, 445.0, 56.0, 4.0, 0.0, 0.0, 12345.0, 
2021-07-14T12:05:02.859483, 54.5764033333, -1.23635, causesLilith, e, 0.0037934380565132, 9, 12, 12, 1590, 475, 61, 6, 0, 0, 12345, 9.0, 12.0, 12.0, 1590.0, 475.0, 61.0, 6.0, 0.0, 0.0, 12345.0, 
2021-07-14T12:05:03.786596, 54.5763866667, -1.236295, causesLilith, e, 0.0037934380565132, 8, 12, 12, 1560, 462, 71, 8, 0, 0, 12345, 8.0, 12.0, 12.0, 1560.0, 462.0, 71.0, 8.0, 0.0, 0.0, 12345.0, 
2021-07-14T12:05:04.812661, 54.57638, -1.23624, causesLilith, e, 0.0037934380565132, 8, 13, 13, 1704, 500, 83, 8, 0, 0, 12345, 8.0, 13.0, 13.0, 1704.0, 500.0, 83.0, 8.0, 0.0, 0.0, 12345.0, 
2021-07-14T12:05:05.740527, 54.5763766667, -1.2361833333, causesLilith, e, 0.0037934380565132, 9, 15, 16, 1710, 510, 96, 8, 2, 0, 12345, 9.0, 15.0, 16.0, 1710.0, 510.0, 96.0, 8.0, 2.0, 0.0, 12345.0, 
2021-07-14T12:05:06.767090, 54.576375, -1.236125, causesLilith, e, 0.0037934380565132, 10, 16, 17, 1821, 543, 100, 8, 2, 0, 12345, 10.0, 16.0, 17.0, 1821.0, 543.0, 100.0, 8.0, 2.0, 0.0, 12345.0, 
2021-07-14T12:05:07.793834, 54.5763733333, -1.2360816667, causesLilith, e, 0.0037934380565132, 9, 14, 16, 1836, 548, 103, 6, 2, 0, 12345, 9.0, 14.0, 16.0, 1836.0, 548.0, 103.0, 6.0, 2.0, 0.0, 12345.0, 
2021-07-14T12:05:08.820711, 54.576375, -1.2360266667, causesLilith, e, 0.0037934380565132, 9, 16, 17, 1845, 558, 118, 6, 2, 0, 12345, 9.0, 16.0, 17.0, 1845.0, 558.0, 118.0, 6.0, 2.0, 0.0, 12345.0, 
2021-07-14T12:05:09.747942, 54.5763783333, -1.2359683333, causesLilith, e, 0.0037934380565132, 9, 16, 17, 1920, 575, 127, 6, 2, 0, 12345, 9.0, 16.0, 17.0, 1920.0, 575.0, 127.0, 6.0, 2.0, 0.0, 12345.0, 
2021-07-14T12:05:10.775664, 54.5763783333, -1.2359083333, causesLilith, e, 0.0040858432987157, 10, 16, 18, 1956, 583, 115, 8, 4, 0, 12345, 10.0, 16.0, 18.0, 1956.0, 583.0, 115.0, 8.0, 4.0, 0.0, 12345.0, 
2021-07-14T12:05:11.902456, 54.5763766667, -1.235855, causesLilith, e, 0.0040858432987157, 9, 16, 18, 1920, 570, 130, 8, 4, 0, 12345, 9.0, 16.0, 18.0, 1920.0, 570.0, 130.0, 8.0, 4.0, 0.0, 12345.0, 
2021-07-14T12:05:12.829341, 54.5763733333, -1.2358, causesLilith, e, 0.0040858432987157, 9, 16, 18, 1965, 583, 127, 6, 4, 0, 12345, 9.0, 16.0, 18.0, 1965.0, 583.0, 127.0, 6.0, 4.0, 0.0, 12345.0, 
2021-07-14T12:05:13.856193, 54.5763633333, -1.23574, causesLilith, e, 0.0040858432987157, 9, 15, 19, 1896, 565, 120, 8, 6, 0, 12345, 9.0, 15.0, 19.0, 1896.0, 565.0, 120.0, 8.0, 6.0, 0.0, 12345.0, 
2021-07-14T12:05:14.782948, 54.5763583333, -1.23568, causesLilith, e, 0.0040858432987157, 10, 16, 20, 1896, 565, 120, 8, 6, 0, 12345, 10.0, 16.0, 20.0, 1896.0, 565.0, 120.0, 8.0, 6.0, 0.0, 12345.0, 
2021-07-14T12:05:15.810397, 54.5763566667, -1.23562, causesLilith, e, 0.0040858432987157, 11, 17, 19, 1977, 595, 117, 6, 4, 0, 12345, 11.0, 17.0, 19.0, 1977.0, 595.0, 117.0, 6.0, 4.0, 0.0, 12345.0, 
2021-07-14T12:05:16.867113, 54.5763533333, -1.2355666667, none, e, 0.0040858432987157, 10, 15, 18, 1971, 597, 109, 6, 4, 0, 12345, 10.0, 15.0, 18.0, 1971.0, 597.0, 109.0, 6.0, 4.0, 0.0, 12345.0, 
2021-07-14T12:05:17.894200, 54.5763483333, -1.2355216667, none, e, 0.0040858432987157, 10, 15, 18, 1971, 597, 109, 6, 4, 0, 12345, 10.0, 15.0, 18.0, 1971.0, 597.0, 109.0, 6.0, 4.0, 0.0, 12345.0, 
2021-07-14T12:05:18.820824, 54.5763433333, -1.23548, none, e, 0.0039827361292163, 10, 15, 17, 1896, 577, 112, 8, 4, 0, 12345, 10.0, 15.0, 17.0, 1896.0, 577.0, 112.0, 8.0, 4.0, 0.0, 12345.0, 
2021-07-14T12:05:19.847423, 54.5763333333, -1.235435, none, e, 0.0039827361292163, 10, 15, 17, 1896, 577, 112, 8, 4, 0, 12345, 10.0, 15.0, 17.0, 1896.0, 577.0, 112.0, 8.0, 4.0, 0.0, 12345.0, 
2021-07-14T12:05:20.873599, 54.5763166667, -1.235385, none, e, 0.0039827361292163, 10, 15, 17, 1872, 569, 109, 8, 4, 0, 12345, 10.0, 15.0, 17.0, 1872.0, 569.0, 109.0, 8.0, 4.0, 0.0, 12345.0, 
2021-07-14T12:05:21.799911, 54.5763066667, -1.23533, none, e, 0.0039827361292163, 10, 15, 17, 1872, 569, 109, 8, 4, 0, 12345, 10.0, 15.0, 17.0, 1872.0, 569.0, 109.0, 8.0, 4.0, 0.0, 12345.0, 
2021-07-14T12:05:22.826681, 54.5762983333, -1.235285, none, e, 0.0039827361292163, 10, 15, 17, 1818, 544, 99, 8, 4, 0, 12345, 10.0, 15.0, 17.0, 1818.0, 544.0, 99.0, 8.0, 4.0, 0.0, 12345.0, 
2021-07-14T12:05:23.852281, 54.57629, -1.235235, none, e, 0.0039827361292163, 10, 14, 17, 1782, 537, 92, 10, 4, 0, 12345, 10.0, 14.0, 17.0, 1782.0, 537.0, 92.0, 10.0, 4.0, 0.0, 12345.0, 
2021-07-14T12:05:24.879124, 54.57629, -1.2351866667, none, e, 0.0039827361292163, 10, 14, 17, 1782, 537, 92, 10, 4, 0, 12345, 10.0, 14.0, 17.0, 1782.0, 537.0, 92.0, 10.0, 4.0, 0.0, 12345.0, 
2021-07-14T12:05:25.905766, 54.5762933333, -1.2351416667, none, e, 0.0039827361292163, 10, 14, 16, 1782, 539, 90, 8, 2, 0, 12345, 10.0, 14.0, 16.0, 1782.0, 539.0, 90.0, 8.0, 2.0, 0.0, 12345.0, 
2021-07-14T12:05:26.832364, 54.576295, -1.2350983333, none, e, 0.0035969718077083, 10, 14, 16, 1782, 539, 90, 8, 2, 0, 12345, 10.0, 14.0, 16.0, 1782.0, 539.0, 90.0, 8.0, 2.0, 0.0, 12345.0, 
2021-07-14T12:05:27.859158, 54.5762983333, -1.2350533333, none, e, 0.0035969718077083, 10, 12, 15, 1683, 502, 68, 8, 4, 0, 12345, 10.0, 12.0, 15.0, 1683.0, 502.0, 68.0, 8.0, 4.0, 0.0, 12345.0, 
2021-07-14T12:05:28.885761, 54.576305, -1.2350033333, none, e, 0.0035969718077083, 10, 12, 15, 1683, 502, 68, 8, 4, 0, 12345, 10.0, 12.0, 15.0, 1683.0, 502.0, 68.0, 8.0, 4.0, 0.0, 12345.0, 
2021-07-14T12:05:29.912165, 54.576305, -1.2349616667, none, e, 0.0035969718077083, 8, 11, 14, 1608, 479, 63, 8, 4, 0, 12345, 8.0, 11.0, 14.0, 1608.0, 479.0, 63.0, 8.0, 4.0, 0.0, 12345.0, 
2021-07-14T12:05:30.839380, 54.5763016667, -1.2349316667, none, e, 0.0035969718077083, 8, 11, 12, 1557, 462, 58, 8, 2, 0, 12345, 8.0, 11.0, 12.0, 1557.0, 462.0, 58.0, 8.0, 2.0, 0.0, 12345.0, 
2021-07-14T12:05:31.865435, 54.5763, -1.2349066667, none, e, 0.0035969718077083, 9, 12, 13, 1557, 462, 58, 8, 2, 0, 12345, 9.0, 12.0, 13.0, 1557.0, 462.0, 58.0, 8.0, 2.0, 0.0, 12345.0, 
2021-07-14T12:05:32.892276, 54.5763016667, -1.2348766667, none, e, 0.0035969718077083, 8, 11, 14, 1497, 440, 51, 10, 4, 0, 12345, 8.0, 11.0, 14.0, 1497.0, 440.0, 51.0, 10.0, 4.0, 0.0, 12345.0, 
2021-07-14T12:05:33.919143, 54.5763033333, -1.2348383333, none, e, 0.0035969718077083, 8, 11, 14, 1497, 440, 51, 10, 4, 0, 12345, 8.0, 11.0, 14.0, 1497.0, 440.0, 51.0, 10.0, 4.0, 0.0, 12345.0, 
2021-07-14T12:05:34.946254, 54.57631, -1.2348016667, none, e, 0.0027418432494142, 7, 9, 12, 1452, 418, 51, 10, 4, 0, 12345, 7.0, 9.0, 12.0, 1452.0, 418.0, 51.0, 10.0, 4.0, 0.0, 12345.0, 
2021-07-14T12:05:35.871979, 54.576325, -1.23477, none, e, 0.0027418432494142, 7, 9, 12, 1452, 418, 51, 10, 4, 0, 12345, 7.0, 9.0, 12.0, 1452.0, 418.0, 51.0, 10.0, 4.0, 0.0, 12345.0, 
2021-07-14T12:05:36.898946, 54.5763466667, -1.2347333333, none, e, 0.0027418432494142, 7, 9, 12, 1401, 405, 48, 8, 4, 0, 12345, 7.0, 9.0, 12.0, 1401.0, 405.0, 48.0, 8.0, 4.0, 0.0, 12345.0, 
2021-07-14T12:05:37.825927, 54.5763733333, -1.2347033333, none, e, 0.0027418432494142, 7, 9, 12, 1326, 380, 43, 10, 4, 0, 12345, 7.0, 9.0, 12.0, 1326.0, 380.0, 43.0, 10.0, 4.0, 0.0, 12345.0, 
2021-07-14T12:05:38.852672, 54.5764016667, -1.2346766667, none, e, 0.0027418432494142, 7, 9, 12, 1326, 380, 43, 10, 4, 0, 12345, 7.0, 9.0, 12.0, 1326.0, 380.0, 43.0, 10.0, 4.0, 0.0, 12345.0, 
2021-07-14T12:05:39.878777, 54.576435, -1.23466, none, e, 0.0027418432494142, 7, 9, 14, 1335, 385, 38, 14, 6, 2, 12345, 7.0, 9.0, 14.0, 1335.0, 385.0, 38.0, 14.0, 6.0, 2.0, 12345.0, 
2021-07-14T12:05:40.805576, 54.5764683333, -1.2346533333, none, e, 0.0027418432494142, 7, 9, 14, 1335, 385, 38, 14, 6, 2, 12345, 7.0, 9.0, 14.0, 1335.0, 385.0, 38.0, 14.0, 6.0, 2.0, 12345.0, 
2021-07-14T12:05:41.851075, 54.5765016667, -1.2346483333, solutions, e, 0.0027418432494142, 8, 10, 14, 1386, 402, 40, 12, 6, 2, 12345, 8.0, 10.0, 14.0, 1386.0, 402.0, 40.0, 12.0, 6.0, 2.0, 12345.0, 
2021-07-14T12:05:42.777193, 54.5765316667, -1.234645, solutions, se, 0.0038052021845242, 8, 10, 14, 1386, 402, 40, 12, 6, 2, 12345, 8.0, 10.0, 14.0, 1386.0, 402.0, 40.0, 12.0, 6.0, 2.0, 12345.0, 
2021-07-14T12:05:43.811152, 54.5765666667, -1.2346383333, solutions, se, 0.0038052021845242, 8, 10, 15, 1410, 410, 52, 12, 6, 2, 12345, 8.0, 10.0, 15.0, 1410.0, 410.0, 52.0, 12.0, 6.0, 2.0, 12345.0, 
2021-07-14T12:05:44.915807, 54.5766, -1.2346316667, solutions, se, 0.0038052021845242, 8, 10, 15, 1410, 410, 52, 12, 6, 2, 12345, 8.0, 10.0, 15.0, 1410.0, 410.0, 52.0, 12.0, 6.0, 2.0, 12345.0, 
2021-07-14T12:05:45.853053, 54.5766333333, -1.2346266667, solutions, se, 0.0038052021845242, 8, 11, 15, 1434, 420, 49, 12, 6, 2, 12345, 8.0, 11.0, 15.0, 1434.0, 420.0, 49.0, 12.0, 6.0, 2.0, 12345.0, 
2021-07-14T12:05:46.880274, 54.576665, -1.23462, solutions, se, 0.0038052021845242, 9, 11, 16, 1494, 438, 59, 12, 6, 2, 12345, 9.0, 11.0, 16.0, 1494.0, 438.0, 59.0, 12.0, 6.0, 2.0, 12345.0, 
2021-07-14T12:05:47.806913, 54.5766983333, -1.23461, solutions, se, 0.0038052021845242, 9, 11, 16, 1494, 438, 59, 12, 6, 2, 12345, 9.0, 11.0, 16.0, 1494.0, 438.0, 59.0, 12.0, 6.0, 2.0, 12345.0, 
2021-07-14T12:05:48.841069, 54.57673, -1.2346016667, solutions, se, 0.0038052021845242, 9, 11, 15, 1524, 450, 59, 10, 6, 2, 12345, 9.0, 11.0, 15.0, 1524.0, 450.0, 59.0, 10.0, 6.0, 2.0, 12345.0, 
2021-07-14T12:05:49.861791, 54.576765, -1.2345966667, solutions, se, 0.0038052021845242, 9, 11, 15, 1524, 450, 59, 10, 6, 2, 12345, 9.0, 11.0, 15.0, 1524.0, 450.0, 59.0, 10.0, 6.0, 2.0, 12345.0, 
2021-07-14T12:05:50.901749, 54.576795, -1.2345866667, solutions, s, 0.0042174035611008, 9, 12, 15, 1524, 455, 66, 8, 4, 2, 12345, 9.0, 12.0, 15.0, 1524.0, 455.0, 66.0, 8.0, 4.0, 2.0, 12345.0, 
2021-07-14T12:05:51.904959, 54.576825, -1.2345766667, solutions, s, 0.0042174035611008, 9, 12, 16, 1545, 470, 71, 10, 4, 2, 12345, 9.0, 12.0, 16.0, 1545.0, 470.0, 71.0, 10.0, 4.0, 2.0, 12345.0, 
2021-07-14T12:05:52.920112, 54.5768583333, -1.2345733333, solutions, s, 0.0042174035611008, 8, 11, 15, 1545, 470, 71, 10, 4, 2, 12345, 8.0, 11.0, 15.0, 1545.0, 470.0, 71.0, 10.0, 4.0, 2.0, 12345.0, 
2021-07-14T12:05:53.833239, 54.5768883333, -1.2345666667, solutions, s, 0.0042174035611008, 9, 12, 16, 1611, 490, 76, 12, 6, 2, 12345, 9.0, 12.0, 16.0, 1611.0, 490.0, 76.0, 12.0, 6.0, 2.0, 12345.0, 
2021-07-14T12:05:54.847507, 54.5769183333, -1.2345566667, solutions, s, 0.0042174035611008, 9, 12, 16, 1611, 490, 76, 12, 6, 2, 12345, 9.0, 12.0, 16.0, 1611.0, 490.0, 76.0, 12.0, 6.0, 2.0, 12345.0, 
2021-07-14T12:05:55.885899, 54.5769483333, -1.2345466667, solutions, s, 0.0042174035611008, 10, 13, 18, 1686, 515, 76, 10, 6, 2, 12345, 10.0, 13.0, 18.0, 1686.0, 515.0, 76.0, 10.0, 6.0, 2.0, 12345.0, 
2021-07-14T12:05:56.913781, 54.5769783333, -1.2345333333, solutions, s, 0.0042174035611008, 10, 13, 18, 1686, 515, 76, 10, 6, 2, 12345, 10.0, 13.0, 18.0, 1686.0, 515.0, 76.0, 10.0, 6.0, 2.0, 12345.0, 
2021-07-14T12:05:57.839889, 54.5770066667, -1.2345183333, solutions, s, 0.0042174035611008, 10, 13, 15, 1656, 508, 74, 6, 4, 0, 12345, 10.0, 13.0, 15.0, 1656.0, 508.0, 74.0, 6.0, 4.0, 0.0, 12345.0, 
2021-07-14T12:05:58.866684, 54.5770333333, -1.2345, solutions, s, 0.0038690992111566, 10, 13, 15, 1656, 508, 74, 6, 4, 0, 12345, 10.0, 13.0, 15.0, 1656.0, 508.0, 74.0, 6.0, 4.0, 0.0, 12345.0, 
2021-07-14T12:05:59.797285, 54.57706, -1.2344833333, solutions, s, 0.0038690992111566, 9, 12, 14, 1656, 506, 72, 6, 4, 0, 12345, 9.0, 12.0, 14.0, 1656.0, 506.0, 72.0, 6.0, 4.0, 0.0, 12345.0, 
2021-07-14T12:06:00.819680, 54.5770833333, -1.2344733333, solutions, s, 0.0038690992111566, 9, 12, 14, 1746, 526, 67, 6, 4, 0, 12345, 9.0, 12.0, 14.0, 1746.0, 526.0, 67.0, 6.0, 4.0, 0.0, 12345.0, 
2021-07-14T12:06:01.846506, 54.57711, -1.23446, solutions, s, 0.0038690992111566, 9, 12, 14, 1746, 526, 67, 6, 4, 0, 12345, 9.0, 12.0, 14.0, 1746.0, 526.0, 67.0, 6.0, 4.0, 0.0, 12345.0, 
2021-07-14T12:06:02.772695, 54.5771366667, -1.2344433333, solutions, s, 0.0038690992111566, 9, 12, 13, 1722, 521, 75, 4, 2, 0, 12345, 9.0, 12.0, 13.0, 1722.0, 521.0, 75.0, 4.0, 2.0, 0.0, 12345.0, 
2021-07-14T12:06:03.799452, 54.577165, -1.2344283333, solutions, s, 0.0038690992111566, 9, 12, 13, 1722, 521, 75, 4, 2, 0, 12345, 9.0, 12.0, 13.0, 1722.0, 521.0, 75.0, 4.0, 2.0, 0.0, 12345.0, 
2021-07-14T12:06:04.826890, 54.5771916667, -1.2344216667, solutions, s, 0.0038690992111566, 9, 12, 13, 1731, 521, 68, 4, 2, 0, 12345, 9.0, 12.0, 13.0, 1731.0, 521.0, 68.0, 4.0, 2.0, 0.0, 12345.0, 
2021-07-14T12:06:05.854074, 54.577215, -1.234415, solutions, s, 0.0038690992111566, 9, 12, 13, 1731, 521, 68, 4, 2, 0, 12345, 9.0, 12.0, 13.0, 1731.0, 521.0, 68.0, 4.0, 2.0, 0.0, 12345.0, 
2021-07-14T12:06:06.880547, 54.57723, -1.2344, solutions, se, 0.003256901719866, 9, 12, 13, 1722, 516, 78, 4, 2, 0, 12345, 9.0, 12.0, 13.0, 1722.0, 516.0, 78.0, 4.0, 2.0, 0.0, 12345.0, 
2021-07-14T12:06:07.907509, 54.57724, -1.2343916667, solutions, se, 0.003256901719866, 9, 12, 14, 1761, 526, 71, 6, 4, 0, 12345, 9.0, 12.0, 14.0, 1761.0, 526.0, 71.0, 6.0, 4.0, 0.0, 12345.0, 
2021-07-14T12:06:08.834279, 54.5772416667, -1.2343983333, solutions, se, 0.003256901719866, 9, 12, 14, 1761, 526, 71, 6, 4, 0, 12345, 9.0, 12.0, 14.0, 1761.0, 526.0, 71.0, 6.0, 4.0, 0.0, 12345.0, 
2021-07-14T12:06:09.860791, 54.57724, -1.2344016667, solutions, se, 0.003256901719866, 9, 11, 14, 1770, 528, 66, 4, 4, 0, 12345, 9.0, 11.0, 14.0, 1770.0, 528.0, 66.0, 4.0, 4.0, 0.0, 12345.0, 
2021-07-14T12:06:10.887789, 54.5772383333, -1.234405, solutions, se, 0.003256901719866, 9, 11, 14, 1770, 528, 66, 4, 4, 0, 12345, 9.0, 11.0, 14.0, 1770.0, 528.0, 66.0, 4.0, 4.0, 0.0, 12345.0, 
2021-07-14T12:06:11.914880, 54.5772366667, -1.2344033333, solutions, se, 0.003256901719866, 9, 11, 12, 1710, 503, 57, 2, 2, 0, 12345, 9.0, 11.0, 12.0, 1710.0, 503.0, 57.0, 2.0, 2.0, 0.0, 12345.0, 
2021-07-14T12:06:12.838518, 54.5772366667, -1.2344016667, solutions, se, 0.003256901719866, 9, 11, 12, 1710, 503, 57, 2, 2, 0, 12345, 9.0, 11.0, 12.0, 1710.0, 503.0, 57.0, 2.0, 2.0, 0.0, 12345.0, 
2021-07-14T12:06:13.849649, 54.5772383333, -1.234405, solutions, se, 0.003256901719866, 9, 11, 12, 1689, 496, 55, 2, 2, 0, 12345, 9.0, 11.0, 12.0, 1689.0, 496.0, 55.0, 2.0, 2.0, 0.0, 12345.0, 
2021-07-14T12:06:14.763163, 54.57724, -1.2344033333, solutions, s, 0.00016161209123189, 9, 11, 12, 1704, 506, 62, 2, 2, 0, 12345, 9.0, 11.0, 12.0, 1704.0, 506.0, 62.0, 2.0, 2.0, 0.0, 12345.0, 
2021-07-14T12:06:15.800680, 54.5772416667, -1.2344016667, solutions, s, 0.00016161209123189, 9, 11, 12, 1704, 506, 62, 2, 2, 0, 12345, 9.0, 11.0, 12.0, 1704.0, 506.0, 62.0, 2.0, 2.0, 0.0, 12345.0, 
2021-07-14T12:06:16.827573, 54.5772416667, -1.2343983333, solutions, s, 0.00016161209123189, 8, 10, 11, 1614, 481, 62, 2, 2, 0, 12345, 8.0, 10.0, 11.0, 1614.0, 481.0, 62.0, 2.0, 2.0, 0.0, 12345.0, 
2021-07-14T12:06:17.854759, 54.5772416667, -1.234395, solutions, s, 0.00016161209123189, 8, 10, 11, 1614, 481, 62, 2, 2, 0, 12345, 8.0, 10.0, 11.0, 1614.0, 481.0, 62.0, 2.0, 2.0, 0.0, 12345.0, 
2021-07-14T12:06:18.780673, 54.57724, -1.23439, solutions, s, 0.00016161209123189, 8, 9, 11, 1500, 451, 62, 2, 2, 0, 12345, 8.0, 9.0, 11.0, 1500.0, 451.0, 62.0, 2.0, 2.0, 0.0, 12345.0, 
2021-07-14T12:06:19.807187, 54.5772383333, -1.234385, solutions, s, 0.00016161209123189, 8, 9, 11, 1500, 451, 62, 2, 2, 0, 12345, 8.0, 9.0, 11.0, 1500.0, 451.0, 62.0, 2.0, 2.0, 0.0, 12345.0, 
2021-07-14T12:06:20.733730, 54.5772333333, -1.2343783333, solutions, s, 0.00016161209123189, 8, 9, 10, 1494, 443, 50, 2, 2, 0, 12345, 8.0, 9.0, 10.0, 1494.0, 443.0, 50.0, 2.0, 2.0, 0.0, 12345.0, 
2021-07-14T12:06:21.760034, 54.5772266667, -1.2343733333, solutions, s, 0.00016161209123189, 8, 9, 10, 1494, 443, 50, 2, 2, 0, 12345, 8.0, 9.0, 10.0, 1494.0, 443.0, 50.0, 2.0, 2.0, 0.0, 12345.0, 
2021-07-14T12:06:22.786620, 54.57722, -1.2343666667, solutions, ne, 0.00046369982648604, 7, 8, 10, 1419, 415, 40, 4, 2, 0, 12345, 7.0, 8.0, 10.0, 1419.0, 415.0, 40.0, 4.0, 2.0, 0.0, 12345.0, 
2021-07-14T12:06:23.813648, 54.5772133333, -1.2343616667, solutions, ne, 0.00046369982648604, 7, 8, 10, 1458, 420, 32, 4, 2, 0, 12345, 7.0, 8.0, 10.0, 1458.0, 420.0, 32.0, 4.0, 2.0, 0.0, 12345.0, 
2021-07-14T12:06:24.748222, 54.577205, -1.2343583333, solutions, ne, 0.00046369982648604, 7, 8, 10, 1458, 420, 32, 4, 2, 0, 12345, 7.0, 8.0, 10.0, 1458.0, 420.0, 32.0, 4.0, 2.0, 0.0, 12345.0, 
2021-07-14T12:06:25.774156, 54.5771916667, -1.23436, solutions, ne, 0.00046369982648604, 7, 8, 8, 1428, 407, 30, 2, 0, 0, 12345, 7.0, 8.0, 8.0, 1428.0, 407.0, 30.0, 2.0, 0.0, 0.0, 12345.0, 
2021-07-14T12:06:26.900253, 54.57718, -1.234355, solutions, ne, 0.00046369982648604, 7, 8, 8, 1428, 407, 30, 2, 0, 0, 12345, 7.0, 8.0, 8.0, 1428.0, 407.0, 30.0, 2.0, 0.0, 0.0, 12345.0, 
2021-07-14T12:06:27.827260, 54.5771716667, -1.2343516667, solutions, ne, 0.00046369982648604, 7, 8, 9, 1464, 410, 35, 4, 0, 0, 12345, 7.0, 8.0, 9.0, 1464.0, 410.0, 35.0, 4.0, 0.0, 0.0, 12345.0, 
2021-07-14T12:06:28.853861, 54.5771633333, -1.2343533333, solutions, ne, 0.00046369982648604, 8, 9, 10, 1464, 410, 35, 4, 0, 0, 12345, 8.0, 9.0, 10.0, 1464.0, 410.0, 35.0, 4.0, 0.0, 0.0, 12345.0, 
2021-07-14T12:06:29.880420, 54.5771616667, -1.23435, solutions, ne, 0.00046369982648604, 9, 10, 11, 1539, 438, 37, 4, 0, 0, 12345, 9.0, 10.0, 11.0, 1539.0, 438.0, 37.0, 4.0, 0.0, 0.0, 12345.0, 
2021-07-14T12:06:30.807604, 54.5771583333, -1.2343483333, solutions, n, 0.00099402585291632, 9, 10, 11, 1545, 445, 42, 4, 0, 0, 12345, 9.0, 10.0, 11.0, 1545.0, 445.0, 42.0, 4.0, 0.0, 0.0, 12345.0, 
2021-07-14T12:06:31.934180, 54.577155, -1.2343466667, solutions, n, 0.00099402585291632, 9, 10, 11, 1545, 445, 42, 4, 0, 0, 12345, 9.0, 10.0, 11.0, 1545.0, 445.0, 42.0, 4.0, 0.0, 0.0, 12345.0, 
2021-07-14T12:06:32.860905, 54.5771516667, -1.2343483333, solutions, n, 0.00099402585291632, 9, 10, 11, 1536, 437, 40, 6, 0, 0, 12345, 9.0, 10.0, 11.0, 1536.0, 437.0, 40.0, 6.0, 0.0, 0.0, 12345.0, 
2021-07-14T12:06:33.887130, 54.5771516667, -1.23436, solutions, n, 0.00099402585291632, 9, 10, 11, 1536, 437, 40, 6, 0, 0, 12345, 9.0, 10.0, 11.0, 1536.0, 437.0, 40.0, 6.0, 0.0, 0.0, 12345.0, 
2021-07-14T12:06:34.914156, 54.5771566667, -1.2343716667, solutions, n, 0.00099402585291632, 9, 10, 11, 1545, 429, 40, 6, 0, 0, 12345, 9.0, 10.0, 11.0, 1545.0, 429.0, 40.0, 6.0, 0.0, 0.0, 12345.0, 
2021-07-14T12:06:35.840525, 54.57716, -1.2343733333, solutions, n, 0.00099402585291632, 9, 10, 11, 1545, 429, 40, 6, 0, 0, 12345, 9.0, 10.0, 11.0, 1545.0, 429.0, 40.0, 6.0, 0.0, 0.0, 12345.0, 
2021-07-14T12:06:36.766756, 54.5771633333, -1.234375, solutions, n, 0.00099402585291632, 9, 11, 11, 1545, 434, 37, 6, 0, 0, 12345, 9.0, 11.0, 11.0, 1545.0, 434.0, 37.0, 6.0, 0.0, 0.0, 12345.0, 
2021-07-14T12:06:37.892955, 54.577165, -1.234375, solutions, n, 0.00099402585291632, 9, 11, 12, 1605, 454, 41, 6, 0, 0, 12345, 9.0, 11.0, 12.0, 1605.0, 454.0, 41.0, 6.0, 0.0, 0.0, 12345.0, 
2021-07-14T12:06:38.820057, 54.5771666667, -1.2343766667, solutions, w, 0.00029276734625932, 9, 11, 12, 1605, 454, 41, 6, 0, 0, 12345, 9.0, 11.0, 12.0, 1605.0, 454.0, 41.0, 6.0, 0.0, 0.0, 12345.0, 
2021-07-14T12:06:39.747108, 54.5771666667, -1.2343766667, solutions, w, 0.00029276734625932, 9, 11, 11, 1551, 444, 39, 4, 0, 0, 12345, 9.0, 11.0, 11.0, 1551.0, 444.0, 39.0, 4.0, 0.0, 0.0, 12345.0, 
2021-07-14T12:06:40.773231, 54.577165, -1.234375, solutions, w, 0.00029276734625932, 9, 11, 11, 1551, 444, 39, 4, 0, 0, 12345, 9.0, 11.0, 11.0, 1551.0, 444.0, 39.0, 4.0, 0.0, 0.0, 12345.0, 
2021-07-14T12:06:41.799670, 54.5771633333, -1.2343716667, solutions, w, 0.00029276734625932, 9, 10, 10, 1476, 429, 35, 4, 0, 0, 12345, 9.0, 10.0, 10.0, 1476.0, 429.0, 35.0, 4.0, 0.0, 0.0, 12345.0, 
2021-07-14T12:06:42.731451, 54.5771633333, -1.2343733333, solutions, w, 0.00029276734625932, 9, 10, 10, 1476, 429, 35, 4, 0, 0, 12345, 9.0, 10.0, 10.0, 1476.0, 429.0, 35.0, 4.0, 0.0, 0.0, 12345.0, 
2021-07-14T12:06:43.757839, 54.5771633333, -1.234375, solutions, w, 0.00029276734625932, 9, 11, 11, 1506, 444, 39, 4, 0, 0, 12345, 9.0, 11.0, 11.0, 1506.0, 444.0, 39.0, 4.0, 0.0, 0.0, 12345.0, 
2021-07-14T12:06:44.784512, 54.5771583333, -1.2343733333, solutions, w, 0.00029276734625932, 9, 10, 10, 1446, 431, 34, 2, 0, 0, 12345, 9.0, 10.0, 10.0, 1446.0, 431.0, 34.0, 2.0, 0.0, 0.0, 12345.0, 
2021-07-14T12:06:45.810713, 54.57715, -1.23437, solutions, w, 0.00029276734625932, 9, 10, 10, 1446, 431, 34, 2, 0, 0, 12345, 9.0, 10.0, 10.0, 1446.0, 431.0, 34.0, 2.0, 0.0, 0.0, 12345.0, 
2021-07-14T12:06:46.737823, 54.5771366667, -1.2343733333, solutions, n, 0.00047757382999842, 8, 10, 10, 1380, 408, 34, 2, 0, 0, 12345, 8.0, 10.0, 10.0, 1380.0, 408.0, 34.0, 2.0, 0.0, 0.0, 12345.0, 
2021-07-14T12:06:47.770733, 54.577125, -1.234375, solutions, n, 0.00047757382999842, 8, 10, 10, 1380, 408, 34, 2, 0, 0, 12345, 8.0, 10.0, 10.0, 1380.0, 408.0, 34.0, 2.0, 0.0, 0.0, 12345.0, 
2021-07-14T12:06:48.797018, 54.57712, -1.23436, solutions, n, 0.00047757382999842, 8, 9, 9, 1344, 391, 31, 2, 0, 0, 12345, 8.0, 9.0, 9.0, 1344.0, 391.0, 31.0, 2.0, 0.0, 0.0, 12345.0, 
2021-07-14T12:06:49.823408, 54.57712, -1.2343466667, solutions, n, 0.00047757382999842, 8, 9, 9, 1344, 391, 31, 2, 0, 0, 12345, 8.0, 9.0, 9.0, 1344.0, 391.0, 31.0, 2.0, 0.0, 0.0, 12345.0, 
2021-07-14T12:06:50.753396, 54.5771183333, -1.2343333333, solutions, n, 0.00047757382999842, 8, 9, 9, 1338, 391, 33, 0, 0, 0, 12345, 8.0, 9.0, 9.0, 1338.0, 391.0, 33.0, 0.0, 0.0, 0.0, 12345.0, 
2021-07-14T12:06:51.779811, 54.57712, -1.2343233333, solutions, n, 0.00047757382999842, 8, 9, 9, 1389, 414, 38, 0, 0, 0, 12345, 8.0, 9.0, 9.0, 1389.0, 414.0, 38.0, 0.0, 0.0, 0.0, 12345.0, 
2021-07-14T12:06:52.806383, 54.57712, -1.2343133333, solutions, n, 0.00047757382999842, 8, 9, 9, 1389, 414, 38, 0, 0, 0, 12345, 8.0, 9.0, 9.0, 1389.0, 414.0, 38.0, 0.0, 0.0, 0.0, 12345.0, 
2021-07-14T12:06:53.832028, 54.57712, -1.234305, solutions, n, 0.00047757382999842, 8, 9, 9, 1359, 399, 41, 0, 0, 0, 12345, 8.0, 9.0, 9.0, 1359.0, 399.0, 41.0, 0.0, 0.0, 0.0, 12345.0, 
2021-07-14T12:06:54.758543, 54.57712, -1.2342966667, solutions, e, 0.00075389162285686, 8, 9, 9, 1359, 399, 41, 0, 0, 0, 12345, 8.0, 9.0, 9.0, 1359.0, 399.0, 41.0, 0.0, 0.0, 0.0, 12345.0, 
2021-07-14T12:06:55.784631, 54.57712, -1.2342883333, solutions, e, 0.00075389162285686, 8, 9, 9, 1335, 392, 46, 2, 0, 0, 12345, 8.0, 9.0, 9.0, 1335.0, 392.0, 46.0, 2.0, 0.0, 0.0, 12345.0, 
2021-07-14T12:06:56.715780, 54.5771183333, -1.23428, solutions, e, 0.00075389162285686, 8, 9, 9, 1335, 392, 46, 2, 0, 0, 12345, 8.0, 9.0, 9.0, 1335.0, 392.0, 46.0, 2.0, 0.0, 0.0, 12345.0, 
2021-07-14T12:06:57.645553, 54.5771183333, -1.23427, solutions, e, 0.00075389162285686, 8, 10, 10, 1359, 405, 50, 4, 0, 0, 12345, 8.0, 10.0, 10.0, 1359.0, 405.0, 50.0, 4.0, 0.0, 0.0, 12345.0, 
2021-07-14T12:06:58.668350, 54.5771183333, -1.2342616667, solutions, e, 0.00075389162285686, 8, 10, 10, 1359, 405, 50, 4, 0, 0, 12345, 8.0, 10.0, 10.0, 1359.0, 405.0, 50.0, 4.0, 0.0, 0.0, 12345.0, 
2021-07-14T12:06:59.695401, 54.5771166667, -1.2342533333, solutions, e, 0.00075389162285686, 8, 10, 11, 1395, 413, 54, 4, 0, 0, 12345, 8.0, 10.0, 11.0, 1395.0, 413.0, 54.0, 4.0, 0.0, 0.0, 12345.0, 
2021-07-14T12:07:00.623367, 54.5771166667, -1.2342433333, solutions, e, 0.00075389162285686, 7, 9, 10, 1296, 378, 52, 4, 0, 0, 12345, 7.0, 9.0, 10.0, 1296.0, 378.0, 52.0, 4.0, 0.0, 0.0, 12345.0, 
2021-07-14T12:07:01.649280, 54.5771166667, -1.2342433333, solutions, e, 0.00075389162285686, 7, 9, 10, 1296, 378, 52, 4, 0, 0, 12345, 7.0, 9.0, 10.0, 1296.0, 378.0, 52.0, 4.0, 0.0, 0.0, 12345.0, 
2021-07-14T12:07:02.584095, 54.5771166667, -1.2342433333, solutions, e, 0.00049385725692506, 7, 9, 9, 1290, 376, 50, 4, 0, 0, 12345, 7.0, 9.0, 9.0, 1290.0, 376.0, 50.0, 4.0, 0.0, 0.0, 12345.0, 
2021-07-14T12:07:03.592308, 54.5771166667, -1.2342433333, solutions, e, 0.00049385725692506, 7, 9, 9, 1290, 376, 50, 4, 0, 0, 12345, 7.0, 9.0, 9.0, 1290.0, 376.0, 50.0, 4.0, 0.0, 0.0, 12345.0, 
2021-07-14T12:07:04.603887, 54.5771166667, -1.2342433333, solutions, e, 0.00049385725692506, 7, 8, 9, 1260, 371, 48, 4, 0, 0, 12345, 7.0, 8.0, 9.0, 1260.0, 371.0, 48.0, 4.0, 0.0, 0.0, 12345.0, 
2021-07-14T12:07:05.617801, 54.5771166667, -1.2342433333, solutions, e, 0.00049385725692506, 7, 8, 9, 1260, 371, 48, 4, 0, 0, 12345, 7.0, 8.0, 9.0, 1260.0, 371.0, 48.0, 4.0, 0.0, 0.0, 12345.0, 
