2021-07-13T19:55:04.554990, 1.234, 5.678, none, o, 0, 4, 4, 5, 693, 201, 15, 2, 2, 2, 12345, 4.0, 4.0, 5.0, 693.0, 201.0, 15.0, 2.0, 2.0, 2.0, 12345.0, 
2021-07-13T19:55:04.653946, 1.234, 5.678, none, o, 0, 3, 4, 5, 753, 219, 20, 6, 2, 2, 12345, 3.0, 4.0, 5.0, 753.0, 219.0, 20.0, 6.0, 2.0, 2.0, 12345.0, 
2021-07-13T19:55:04.762876, 1.234, 5.678, none, o, 0, 3, 4, 5, 753, 219, 20, 6, 2, 2, 12345, 3.0, 4.0, 5.0, 753.0, 219.0, 20.0, 6.0, 2.0, 2.0, 12345.0, 
2021-07-13T19:55:04.872508, 1.234, 5.678, none, o, 0, 3, 4, 6, 783, 229, 24, 6, 2, 2, 12345, 3.0, 4.0, 6.0, 783.0, 229.0, 24.0, 6.0, 2.0, 2.0, 12345.0, 
2021-07-13T19:55:05.383467, 1.234, 5.678, none, o, 0, 3, 4, 6, 783, 229, 24, 6, 2, 2, 12345, 3.0, 4.0, 6.0, 783.0, 229.0, 24.0, 6.0, 2.0, 2.0, 12345.0, 
2021-07-13T19:55:06.295248, 1.234, 5.678, none, o, 0, 4, 5, 6, 828, 244, 33, 6, 2, 2, 12345, 4.0, 5.0, 6.0, 828.0, 244.0, 33.0, 6.0, 2.0, 2.0, 12345.0, 
2021-07-13T19:55:36.014359, 1.234, 5.678, none, w, 0, 4, 5, 6, 828, 244, 33, 6, 2, 2, 12345, 4.0, 5.0, 6.0, 828.0, 244.0, 33.0, 6.0, 2.0, 2.0, 12345.0, 
2021-07-13T19:55:37.016645, 1.234, 5.678, none, w, 0, 3, 4, 6, 813, 237, 31, 6, 2, 2, 12345, 3.0, 4.0, 6.0, 813.0, 237.0, 31.0, 6.0, 2.0, 2.0, 12345.0, 
2021-07-13T19:55:37.925102, 1.234, 5.678, none, w, 0, 3, 4, 7, 822, 242, 33, 8, 4, 2, 12345, 3.0, 4.0, 7.0, 822.0, 242.0, 33.0, 8.0, 4.0, 2.0, 12345.0, 
2021-07-13T19:55:38.933936, 1.234, 5.678, none, w, 0, 3, 4, 7, 822, 242, 33, 8, 4, 2, 12345, 3.0, 4.0, 7.0, 822.0, 242.0, 33.0, 8.0, 4.0, 2.0, 12345.0, 
2021-07-13T19:55:39.943723, 1.234, 5.678, none, w, 0, 4, 5, 7, 831, 247, 33, 8, 4, 2, 12345, 4.0, 5.0, 7.0, 831.0, 247.0, 33.0, 8.0, 4.0, 2.0, 12345.0, 
2021-07-13T19:55:40.968850, 1.234, 5.678, none, w, 0, 4, 5, 7, 831, 247, 33, 8, 4, 2, 12345, 4.0, 5.0, 7.0, 831.0, 247.0, 33.0, 8.0, 4.0, 2.0, 12345.0, 
2021-07-13T19:55:41.999550, 1.234, 5.678, none, w, 0, 4, 5, 8, 930, 282, 35, 8, 4, 2, 12345, 4.0, 5.0, 8.0, 930.0, 282.0, 35.0, 8.0, 4.0, 2.0, 12345.0, 
2021-07-13T19:55:42.919819, 1.234, 5.678, none, w, 0, 4, 5, 8, 930, 282, 35, 8, 4, 2, 12345, 4.0, 5.0, 8.0, 930.0, 282.0, 35.0, 8.0, 4.0, 2.0, 12345.0, 
2021-07-13T19:55:43.928007, 1.234, 5.678, none, w, 0, 4, 5, 7, 930, 282, 30, 6, 2, 0, 12345, 4.0, 5.0, 7.0, 930.0, 282.0, 30.0, 6.0, 2.0, 0.0, 12345.0, 
2021-07-13T19:55:44.940349, 1.234, 5.678, none, n, nan, 4, 5, 7, 930, 282, 30, 6, 2, 0, 12345, 4.0, 5.0, 7.0, 930.0, 282.0, 30.0, 6.0, 2.0, 0.0, 12345.0, 
2021-07-13T19:55:45.952550, 1.234, 5.678, none, n, nan, 4, 5, 6, 930, 277, 34, 6, 2, 0, 12345, 4.0, 5.0, 6.0, 930.0, 277.0, 34.0, 6.0, 2.0, 0.0, 12345.0, 
2021-07-13T19:55:46.964849, 1.234, 5.678, none, n, nan, 4, 5, 6, 846, 254, 34, 6, 2, 0, 12345, 4.0, 5.0, 6.0, 846.0, 254.0, 34.0, 6.0, 2.0, 0.0, 12345.0, 
2021-07-13T19:55:47.977137, 1.234, 5.678, none, n, nan, 4, 5, 6, 846, 254, 34, 6, 2, 0, 12345, 4.0, 5.0, 6.0, 846.0, 254.0, 34.0, 6.0, 2.0, 0.0, 12345.0, 
2021-07-13T19:55:48.891711, 1.234, 5.678, none, n, nan, 3, 4, 5, 786, 241, 27, 2, 2, 0, 12345, 3.0, 4.0, 5.0, 786.0, 241.0, 27.0, 2.0, 2.0, 0.0, 12345.0, 
2021-07-13T19:55:49.903839, 1.234, 5.678, none, n, nan, 3, 4, 5, 786, 241, 27, 2, 2, 0, 12345, 3.0, 4.0, 5.0, 786.0, 241.0, 27.0, 2.0, 2.0, 0.0, 12345.0, 
2021-07-13T19:55:50.926853, 1.234, 5.678, none, n, nan, 3, 4, 5, 822, 251, 25, 2, 2, 0, 12345, 3.0, 4.0, 5.0, 822.0, 251.0, 25.0, 2.0, 2.0, 0.0, 12345.0, 
2021-07-13T19:55:51.938915, 1.234, 5.678, none, n, nan, 3, 4, 5, 822, 251, 25, 2, 2, 0, 12345, 3.0, 4.0, 5.0, 822.0, 251.0, 25.0, 2.0, 2.0, 0.0, 12345.0, 
2021-07-13T19:55:52.951781, 1.234, 5.678, none, n, nan, 3, 3, 4, 792, 241, 16, 2, 2, 0, 12345, 3.0, 3.0, 4.0, 792.0, 241.0, 16.0, 2.0, 2.0, 0.0, 12345.0, 
2021-07-13T19:55:53.964075, 1.234, 5.678, none, n, nan, 3, 4, 5, 816, 248, 20, 2, 2, 0, 12345, 3.0, 4.0, 5.0, 816.0, 248.0, 20.0, 2.0, 2.0, 0.0, 12345.0, 
2021-07-13T19:55:54.976437, 1.234, 5.678, none, n, nan, 3, 4, 5, 816, 248, 20, 2, 2, 0, 12345, 3.0, 4.0, 5.0, 816.0, 248.0, 20.0, 2.0, 2.0, 0.0, 12345.0, 
2021-07-13T19:55:56.007821, 1.234, 5.678, none, n, nan, 3, 4, 4, 816, 246, 20, 0, 0, 0, 12345, 3.0, 4.0, 4.0, 816.0, 246.0, 20.0, 0.0, 0.0, 0.0, 12345.0, 
2021-07-13T19:55:57.030787, 1.234, 5.678, none, n, nan, 3, 4, 4, 816, 246, 20, 0, 0, 0, 12345, 3.0, 4.0, 4.0, 816.0, 246.0, 20.0, 0.0, 0.0, 0.0, 12345.0, 
2021-07-13T19:55:58.053914, 1.234, 5.678, none, n, nan, 3, 4, 4, 807, 241, 22, 0, 0, 0, 12345, 3.0, 4.0, 4.0, 807.0, 241.0, 22.0, 0.0, 0.0, 0.0, 12345.0, 
2021-07-13T19:55:58.976796, 1.234, 5.678, none, n, nan, 3, 4, 4, 807, 241, 22, 0, 0, 0, 12345, 3.0, 4.0, 4.0, 807.0, 241.0, 22.0, 0.0, 0.0, 0.0, 12345.0, 
2021-07-13T19:56:00.000537, 1.234, 5.678, none, n, nan, 3, 3, 3, 723, 216, 20, 0, 0, 0, 12345, 3.0, 3.0, 3.0, 723.0, 216.0, 20.0, 0.0, 0.0, 0.0, 12345.0, 
2021-07-13T19:56:00.928850, 1.234, 5.678, none, n, nan, 3, 3, 3, 708, 211, 25, 0, 0, 0, 12345, 3.0, 3.0, 3.0, 708.0, 211.0, 25.0, 0.0, 0.0, 0.0, 12345.0, 
2021-07-13T19:56:02.040757, 1.234, 5.678, none, n, nan, 3, 3, 3, 708, 211, 25, 0, 0, 0, 12345, 3.0, 3.0, 3.0, 708.0, 211.0, 25.0, 0.0, 0.0, 0.0, 12345.0, 
2021-07-13T19:56:02.952847, 1.234, 5.678, none, n, nan, 3, 3, 5, 717, 219, 25, 2, 2, 2, 12345, 3.0, 3.0, 5.0, 717.0, 219.0, 25.0, 2.0, 2.0, 2.0, 12345.0, 
2021-07-13T19:56:03.965415, 1.234, 5.678, none, n, nan, 3, 3, 5, 717, 219, 25, 2, 2, 2, 12345, 3.0, 3.0, 5.0, 717.0, 219.0, 25.0, 2.0, 2.0, 2.0, 12345.0, 
2021-07-13T19:56:04.977385, 1.234, 5.678, none, n, nan, 3, 4, 5, 717, 219, 23, 2, 2, 2, 12345, 3.0, 4.0, 5.0, 717.0, 219.0, 23.0, 2.0, 2.0, 2.0, 12345.0, 
2021-07-13T19:56:05.989747, 1.234, 5.678, none, n, nan, 3, 4, 5, 717, 219, 23, 2, 2, 2, 12345, 3.0, 4.0, 5.0, 717.0, 219.0, 23.0, 2.0, 2.0, 2.0, 12345.0, 
2021-07-13T19:56:06.901781, 1.234, 5.678, none, n, nan, 4, 4, 6, 807, 244, 30, 2, 2, 2, 12345, 4.0, 4.0, 6.0, 807.0, 244.0, 30.0, 2.0, 2.0, 2.0, 12345.0, 
2021-07-13T19:56:07.914626, 1.234, 5.678, none, n, nan, 3, 4, 5, 756, 226, 28, 2, 2, 2, 12345, 3.0, 4.0, 5.0, 756.0, 226.0, 28.0, 2.0, 2.0, 2.0, 12345.0, 
2021-07-13T19:56:08.926299, 1.234, 5.678, none, n, nan, 3, 4, 5, 756, 226, 28, 2, 2, 2, 12345, 3.0, 4.0, 5.0, 756.0, 226.0, 28.0, 2.0, 2.0, 2.0, 12345.0, 
2021-07-13T19:56:09.938823, 1.234, 5.678, none, n, nan, 4, 5, 8, 741, 224, 35, 4, 4, 2, 12345, 4.0, 5.0, 8.0, 741.0, 224.0, 35.0, 4.0, 4.0, 2.0, 12345.0, 
2021-07-13T19:56:10.970792, 1.234, 5.678, none, n, nan, 4, 5, 8, 741, 224, 35, 4, 4, 2, 12345, 4.0, 5.0, 8.0, 741.0, 224.0, 35.0, 4.0, 4.0, 2.0, 12345.0, 
2021-07-13T19:56:11.993500, 1.234, 5.678, none, n, nan, 4, 5, 8, 747, 227, 33, 4, 4, 2, 12345, 4.0, 5.0, 8.0, 747.0, 227.0, 33.0, 4.0, 4.0, 2.0, 12345.0, 
2021-07-13T19:56:13.016851, 1.234, 5.678, none, n, nan, 3, 4, 7, 747, 227, 33, 4, 4, 2, 12345, 3.0, 4.0, 7.0, 747.0, 227.0, 33.0, 4.0, 4.0, 2.0, 12345.0, 
2021-07-13T19:56:14.039891, 1.234, 5.678, none, n, nan, 3, 4, 6, 732, 227, 31, 4, 4, 2, 12345, 3.0, 4.0, 6.0, 732.0, 227.0, 31.0, 4.0, 4.0, 2.0, 12345.0, 
2021-07-13T19:56:14.962283, 1.234, 5.678, none, n, nan, 3, 4, 7, 756, 232, 31, 4, 4, 2, 12345, 3.0, 4.0, 7.0, 756.0, 232.0, 31.0, 4.0, 4.0, 2.0, 12345.0, 
2021-07-13T19:56:15.985570, 1.234, 5.678, none, n, nan, 3, 4, 7, 756, 232, 31, 4, 4, 2, 12345, 3.0, 4.0, 7.0, 756.0, 232.0, 31.0, 4.0, 4.0, 2.0, 12345.0, 
2021-07-13T19:56:17.008388, 1.234, 5.678, none, n, nan, 3, 4, 7, 750, 230, 31, 4, 4, 2, 12345, 3.0, 4.0, 7.0, 750.0, 230.0, 31.0, 4.0, 4.0, 2.0, 12345.0, 
2021-07-13T19:56:18.031373, 1.234, 5.678, none, n, nan, 3, 4, 7, 750, 230, 31, 4, 4, 2, 12345, 3.0, 4.0, 7.0, 750.0, 230.0, 31.0, 4.0, 4.0, 2.0, 12345.0, 
2021-07-13T19:56:19.054447, 1.234, 5.678, none, n, nan, 4, 5, 7, 795, 238, 26, 4, 4, 2, 12345, 4.0, 5.0, 7.0, 795.0, 238.0, 26.0, 4.0, 4.0, 2.0, 12345.0, 
2021-07-13T19:56:19.976967, 1.234, 5.678, none, n, nan, 4, 5, 7, 795, 238, 26, 4, 4, 2, 12345, 4.0, 5.0, 7.0, 795.0, 238.0, 26.0, 4.0, 4.0, 2.0, 12345.0, 
2021-07-13T19:56:20.999861, 1.234, 5.678, none, n, nan, 5, 5, 6, 861, 258, 24, 2, 2, 0, 12345, 5.0, 5.0, 6.0, 861.0, 258.0, 24.0, 2.0, 2.0, 0.0, 12345.0, 
2021-07-13T19:56:21.928480, 1.234, 5.678, none, n, nan, 4, 4, 5, 861, 258, 24, 2, 2, 0, 12345, 4.0, 4.0, 5.0, 861.0, 258.0, 24.0, 2.0, 2.0, 0.0, 12345.0, 
2021-07-13T19:56:23.051212, 1.234, 5.678, none, n, nan, 4, 5, 6, 900, 266, 26, 4, 2, 0, 12345, 4.0, 5.0, 6.0, 900.0, 266.0, 26.0, 4.0, 2.0, 0.0, 12345.0, 
2021-07-13T19:56:23.974102, 1.234, 5.678, none, n, nan, 4, 4, 6, 870, 254, 21, 4, 2, 0, 12345, 4.0, 4.0, 6.0, 870.0, 254.0, 21.0, 4.0, 2.0, 0.0, 12345.0, 
2021-07-13T19:56:24.996913, 1.234, 5.678, none, n, nan, 4, 4, 6, 870, 254, 21, 4, 2, 0, 12345, 4.0, 4.0, 6.0, 870.0, 254.0, 21.0, 4.0, 2.0, 0.0, 12345.0, 
2021-07-13T19:56:26.019961, 1.234, 5.678, none, n, nan, 4, 5, 6, 960, 279, 23, 4, 2, 0, 12345, 4.0, 5.0, 6.0, 960.0, 279.0, 23.0, 4.0, 2.0, 0.0, 12345.0, 
2021-07-13T19:56:26.942646, 1.234, 5.678, none, n, nan, 4, 5, 6, 960, 279, 23, 4, 2, 0, 12345, 4.0, 5.0, 6.0, 960.0, 279.0, 23.0, 4.0, 2.0, 0.0, 12345.0, 
2021-07-13T19:56:27.966676, 1.234, 5.678, none, n, nan, 4, 5, 5, 945, 276, 16, 2, 0, 0, 12345, 4.0, 5.0, 5.0, 945.0, 276.0, 16.0, 2.0, 0.0, 0.0, 12345.0, 
2021-07-13T19:56:28.988406, 1.234, 5.678, none, n, nan, 4, 5, 5, 945, 276, 16, 2, 0, 0, 12345, 4.0, 5.0, 5.0, 945.0, 276.0, 16.0, 2.0, 0.0, 0.0, 12345.0, 
2021-07-13T19:56:30.011211, 1.234, 5.678, none, n, nan, 5, 6, 6, 930, 261, 14, 2, 0, 0, 12345, 5.0, 6.0, 6.0, 930.0, 261.0, 14.0, 2.0, 0.0, 0.0, 12345.0, 
2021-07-13T19:56:30.934107, 1.234, 5.678, none, n, nan, 6, 6, 6, 996, 278, 14, 2, 0, 0, 12345, 6.0, 6.0, 6.0, 996.0, 278.0, 14.0, 2.0, 0.0, 0.0, 12345.0, 
2021-07-13T19:56:31.957231, 1.234, 5.678, none, n, nan, 6, 6, 6, 996, 278, 14, 2, 0, 0, 12345, 6.0, 6.0, 6.0, 996.0, 278.0, 14.0, 2.0, 0.0, 0.0, 12345.0, 
2021-07-13T19:56:32.980002, 1.234, 5.678, none, n, nan, 6, 6, 6, 996, 281, 16, 2, 0, 0, 12345, 6.0, 6.0, 6.0, 996.0, 281.0, 16.0, 2.0, 0.0, 0.0, 12345.0, 
2021-07-13T19:56:34.003688, 1.234, 5.678, none, n, nan, 6, 6, 6, 996, 281, 16, 2, 0, 0, 12345, 6.0, 6.0, 6.0, 996.0, 281.0, 16.0, 2.0, 0.0, 0.0, 12345.0, 
2021-07-13T19:56:35.026245, 1.234, 5.678, none, n, nan, 6, 6, 6, 1002, 281, 16, 2, 0, 0, 12345, 6.0, 6.0, 6.0, 1002.0, 281.0, 16.0, 2.0, 0.0, 0.0, 12345.0, 
2021-07-13T19:56:36.049646, 1.234, 5.678, none, n, nan, 6, 6, 6, 1002, 281, 16, 2, 0, 0, 12345, 6.0, 6.0, 6.0, 1002.0, 281.0, 16.0, 2.0, 0.0, 0.0, 12345.0, 
2021-07-13T19:56:37.072161, 1.234, 5.678, none, n, nan, 5, 6, 6, 927, 263, 18, 2, 0, 0, 12345, 5.0, 6.0, 6.0, 927.0, 263.0, 18.0, 2.0, 0.0, 0.0, 12345.0, 
2021-07-13T19:56:37.995096, 1.234, 5.678, none, n, nan, 5, 5, 6, 882, 248, 20, 4, 0, 0, 12345, 5.0, 5.0, 6.0, 882.0, 248.0, 20.0, 4.0, 0.0, 0.0, 12345.0, 
2021-07-13T19:56:39.017825, 1.234, 5.678, none, n, nan, 5, 5, 6, 882, 248, 20, 4, 0, 0, 12345, 5.0, 5.0, 6.0, 882.0, 248.0, 20.0, 4.0, 0.0, 0.0, 12345.0, 
2021-07-13T19:56:40.041259, 1.234, 5.678, none, n, nan, 5, 5, 5, 843, 235, 20, 2, 0, 0, 12345, 5.0, 5.0, 5.0, 843.0, 235.0, 20.0, 2.0, 0.0, 0.0, 12345.0, 
2021-07-13T19:56:41.063958, 1.234, 5.678, none, n, nan, 5, 5, 5, 843, 235, 20, 2, 0, 0, 12345, 5.0, 5.0, 5.0, 843.0, 235.0, 20.0, 2.0, 0.0, 0.0, 12345.0, 
2021-07-13T19:56:41.986908, 1.234, 5.678, none, n, nan, 5, 5, 5, 837, 237, 20, 2, 0, 0, 12345, 5.0, 5.0, 5.0, 837.0, 237.0, 20.0, 2.0, 0.0, 0.0, 12345.0, 
2021-07-13T19:56:43.009931, 1.234, 5.678, none, n, nan, 5, 5, 5, 837, 237, 20, 2, 0, 0, 12345, 5.0, 5.0, 5.0, 837.0, 237.0, 20.0, 2.0, 0.0, 0.0, 12345.0, 
2021-07-13T19:56:44.032699, 1.234, 5.678, none, n, nan, 4, 4, 5, 768, 212, 18, 2, 0, 0, 12345, 4.0, 4.0, 5.0, 768.0, 212.0, 18.0, 2.0, 0.0, 0.0, 12345.0, 
2021-07-13T19:56:44.955541, 1.234, 5.678, none, n, nan, 4, 4, 5, 792, 217, 18, 2, 0, 0, 12345, 4.0, 4.0, 5.0, 792.0, 217.0, 18.0, 2.0, 0.0, 0.0, 12345.0, 
2021-07-13T19:56:45.978288, 1.234, 5.678, none, n, nan, 4, 4, 5, 792, 217, 18, 2, 0, 0, 12345, 4.0, 4.0, 5.0, 792.0, 217.0, 18.0, 2.0, 0.0, 0.0, 12345.0, 
2021-07-13T19:56:47.001318, 1.234, 5.678, none, n, nan, 4, 5, 6, 831, 239, 27, 4, 0, 0, 12345, 4.0, 5.0, 6.0, 831.0, 239.0, 27.0, 4.0, 0.0, 0.0, 12345.0, 
2021-07-13T19:56:47.928675, 1.234, 5.678, none, n, nan, 4, 5, 6, 831, 239, 27, 4, 0, 0, 12345, 4.0, 5.0, 6.0, 831.0, 239.0, 27.0, 4.0, 0.0, 0.0, 12345.0, 
2021-07-13T19:56:49.051536, 1.234, 5.678, none, n, nan, 4, 5, 6, 810, 234, 27, 4, 0, 0, 12345, 4.0, 5.0, 6.0, 810.0, 234.0, 27.0, 4.0, 0.0, 0.0, 12345.0, 
2021-07-13T19:56:49.974848, 1.234, 5.678, none, n, nan, 4, 5, 6, 810, 234, 27, 4, 0, 0, 12345, 4.0, 5.0, 6.0, 810.0, 234.0, 27.0, 4.0, 0.0, 0.0, 12345.0, 
2021-07-13T19:56:50.998379, 1.234, 5.678, none, n, nan, 4, 5, 6, 846, 241, 32, 4, 0, 0, 12345, 4.0, 5.0, 6.0, 846.0, 241.0, 32.0, 4.0, 0.0, 0.0, 12345.0, 
2021-07-13T19:56:51.920440, 1.234, 5.678, none, n, nan, 4, 5, 6, 885, 251, 32, 4, 0, 0, 12345, 4.0, 5.0, 6.0, 885.0, 251.0, 32.0, 4.0, 0.0, 0.0, 12345.0, 
2021-07-13T19:56:52.943360, 1.234, 5.678, none, n, nan, 4, 5, 6, 885, 251, 32, 4, 0, 0, 12345, 4.0, 5.0, 6.0, 885.0, 251.0, 32.0, 4.0, 0.0, 0.0, 12345.0, 
2021-07-13T19:56:53.966338, 1.234, 5.678, none, n, nan, 4, 5, 6, 960, 266, 30, 6, 2, 0, 12345, 4.0, 5.0, 6.0, 960.0, 266.0, 30.0, 6.0, 2.0, 0.0, 12345.0, 
2021-07-13T19:56:54.989672, 1.234, 5.678, none, n, nan, 4, 5, 6, 960, 266, 30, 6, 2, 0, 12345, 4.0, 5.0, 6.0, 960.0, 266.0, 30.0, 6.0, 2.0, 0.0, 12345.0, 
2021-07-13T19:56:56.012234, 1.234, 5.678, none, n, nan, 4, 5, 6, 975, 271, 28, 6, 2, 0, 12345, 4.0, 5.0, 6.0, 975.0, 271.0, 28.0, 6.0, 2.0, 0.0, 12345.0, 
2021-07-13T19:56:57.035621, 1.234, 5.678, none, n, nan, 4, 5, 6, 975, 271, 28, 6, 2, 0, 12345, 4.0, 5.0, 6.0, 975.0, 271.0, 28.0, 6.0, 2.0, 0.0, 12345.0, 
2021-07-13T19:56:57.958252, 1.234, 5.678, none, n, nan, 5, 6, 7, 975, 274, 24, 6, 2, 0, 12345, 5.0, 6.0, 7.0, 975.0, 274.0, 24.0, 6.0, 2.0, 0.0, 12345.0, 
2021-07-13T19:56:58.981184, 1.234, 5.678, none, n, nan, 5, 6, 7, 975, 274, 24, 6, 2, 0, 12345, 5.0, 6.0, 7.0, 975.0, 274.0, 24.0, 6.0, 2.0, 0.0, 12345.0, 
2021-07-13T19:57:00.004058, 1.234, 5.678, none, n, nan, 5, 6, 8, 990, 279, 26, 6, 2, 0, 12345, 5.0, 6.0, 8.0, 990.0, 279.0, 26.0, 6.0, 2.0, 0.0, 12345.0, 
2021-07-13T19:57:01.027142, 1.234, 5.678, none, n, nan, 5, 7, 8, 960, 279, 33, 6, 2, 0, 12345, 5.0, 7.0, 8.0, 960.0, 279.0, 33.0, 6.0, 2.0, 0.0, 12345.0, 
2021-07-13T19:57:01.949435, 1.234, 5.678, none, n, nan, 5, 7, 8, 960, 279, 33, 6, 2, 0, 12345, 5.0, 7.0, 8.0, 960.0, 279.0, 33.0, 6.0, 2.0, 0.0, 12345.0, 
2021-07-13T19:57:03.072621, 1.234, 5.678, none, n, nan, 5, 7, 8, 981, 284, 40, 6, 2, 0, 12345, 5.0, 7.0, 8.0, 981.0, 284.0, 40.0, 6.0, 2.0, 0.0, 12345.0, 
2021-07-13T19:57:03.995370, 1.234, 5.678, none, n, nan, 5, 7, 8, 981, 284, 40, 6, 2, 0, 12345, 5.0, 7.0, 8.0, 981.0, 284.0, 40.0, 6.0, 2.0, 0.0, 12345.0, 
2021-07-13T19:57:05.018691, 1.234, 5.678, none, n, nan, 5, 6, 8, 942, 274, 38, 4, 2, 0, 12345, 5.0, 6.0, 8.0, 942.0, 274.0, 38.0, 4.0, 2.0, 0.0, 12345.0, 
2021-07-13T19:57:05.941183, 1.234, 5.678, none, n, nan, 5, 6, 8, 942, 274, 38, 4, 2, 0, 12345, 5.0, 6.0, 8.0, 942.0, 274.0, 38.0, 4.0, 2.0, 0.0, 12345.0, 
2021-07-13T19:57:07.064316, 1.234, 5.678, none, n, nan, 5, 7, 8, 948, 277, 38, 4, 2, 0, 12345, 5.0, 7.0, 8.0, 948.0, 277.0, 38.0, 4.0, 2.0, 0.0, 12345.0, 
2021-07-13T19:57:07.987217, 1.234, 5.678, none, n, nan, 4, 6, 7, 852, 252, 29, 4, 2, 0, 12345, 4.0, 6.0, 7.0, 852.0, 252.0, 29.0, 4.0, 2.0, 0.0, 12345.0, 
2021-07-13T19:57:09.009765, 1.234, 5.678, none, n, nan, 4, 6, 7, 852, 252, 29, 4, 2, 0, 12345, 4.0, 6.0, 7.0, 852.0, 252.0, 29.0, 4.0, 2.0, 0.0, 12345.0, 
2021-07-13T19:57:10.032827, 1.234, 5.678, none, n, nan, 4, 6, 7, 843, 242, 33, 4, 2, 0, 12345, 4.0, 6.0, 7.0, 843.0, 242.0, 33.0, 4.0, 2.0, 0.0, 12345.0, 
2021-07-13T19:57:10.955816, 1.234, 5.678, none, n, nan, 4, 6, 7, 843, 242, 33, 4, 2, 0, 12345, 4.0, 6.0, 7.0, 843.0, 242.0, 33.0, 4.0, 2.0, 0.0, 12345.0, 
2021-07-13T19:57:11.978276, 1.234, 5.678, none, n, nan, 5, 6, 6, 837, 247, 31, 2, 0, 0, 12345, 5.0, 6.0, 6.0, 837.0, 247.0, 31.0, 2.0, 0.0, 0.0, 12345.0, 
2021-07-13T19:57:13.001449, 1.234, 5.678, none, n, nan, 5, 6, 6, 837, 247, 31, 2, 0, 0, 12345, 5.0, 6.0, 6.0, 837.0, 247.0, 31.0, 2.0, 0.0, 0.0, 12345.0, 
2021-07-13T19:57:13.921823, 1.234, 5.678, none, n, nan, 4, 5, 5, 801, 232, 29, 0, 0, 0, 12345, 4.0, 5.0, 5.0, 801.0, 232.0, 29.0, 0.0, 0.0, 0.0, 12345.0, 
2021-07-13T19:57:14.931049, 1.234, 5.678, none, n, nan, 4, 5, 5, 771, 222, 29, 0, 0, 0, 12345, 4.0, 5.0, 5.0, 771.0, 222.0, 29.0, 0.0, 0.0, 0.0, 12345.0, 
2021-07-13T19:57:15.962353, 1.234, 5.678, none, n, nan, 4, 5, 5, 771, 222, 29, 0, 0, 0, 12345, 4.0, 5.0, 5.0, 771.0, 222.0, 29.0, 0.0, 0.0, 0.0, 12345.0, 
2021-07-13T19:57:16.985870, 1.234, 5.678, none, n, nan, 4, 4, 4, 696, 200, 25, 0, 0, 0, 12345, 4.0, 4.0, 4.0, 696.0, 200.0, 25.0, 0.0, 0.0, 0.0, 12345.0, 
2021-07-13T19:57:18.008471, 1.234, 5.678, none, n, nan, 4, 4, 4, 696, 200, 25, 0, 0, 0, 12345, 4.0, 4.0, 4.0, 696.0, 200.0, 25.0, 0.0, 0.0, 0.0, 12345.0, 
2021-07-13T19:57:18.931150, 1.234, 5.678, none, n, nan, 4, 4, 4, 735, 203, 18, 0, 0, 0, 12345, 4.0, 4.0, 4.0, 735.0, 203.0, 18.0, 0.0, 0.0, 0.0, 12345.0, 
2021-07-13T19:57:19.953819, 1.234, 5.678, none, n, nan, 4, 4, 4, 735, 203, 18, 0, 0, 0, 12345, 4.0, 4.0, 4.0, 735.0, 203.0, 18.0, 0.0, 0.0, 0.0, 12345.0, 
2021-07-13T19:57:21.077338, 1.234, 5.678, none, n, nan, 4, 4, 4, 714, 201, 13, 0, 0, 0, 12345, 4.0, 4.0, 4.0, 714.0, 201.0, 13.0, 0.0, 0.0, 0.0, 12345.0, 
2021-07-13T19:57:21.999593, 1.234, 5.678, none, n, nan, 3, 3, 3, 699, 194, 6, 0, 0, 0, 12345, 3.0, 3.0, 3.0, 699.0, 194.0, 6.0, 0.0, 0.0, 0.0, 12345.0, 
2021-07-13T19:57:23.022535, 1.234, 5.678, none, n, nan, 3, 3, 3, 699, 194, 6, 0, 0, 0, 12345, 3.0, 3.0, 3.0, 699.0, 194.0, 6.0, 0.0, 0.0, 0.0, 12345.0, 
2021-07-13T19:57:24.045523, 1.234, 5.678, none, n, nan, 4, 4, 4, 723, 201, 10, 0, 0, 0, 12345, 4.0, 4.0, 4.0, 723.0, 201.0, 10.0, 0.0, 0.0, 0.0, 12345.0, 
2021-07-13T19:57:24.968405, 1.234, 5.678, none, n, nan, 4, 4, 4, 723, 201, 10, 0, 0, 0, 12345, 4.0, 4.0, 4.0, 723.0, 201.0, 10.0, 0.0, 0.0, 0.0, 12345.0, 
2021-07-13T19:57:25.991132, 1.234, 5.678, none, n, nan, 4, 4, 4, 759, 216, 12, 0, 0, 0, 12345, 4.0, 4.0, 4.0, 759.0, 216.0, 12.0, 0.0, 0.0, 0.0, 12345.0, 
2021-07-13T19:57:26.920591, 1.234, 5.678, none, n, nan, 4, 4, 4, 759, 216, 12, 0, 0, 0, 12345, 4.0, 4.0, 4.0, 759.0, 216.0, 12.0, 0.0, 0.0, 0.0, 12345.0, 
2021-07-13T19:57:28.043699, 1.234, 5.678, none, n, nan, 4, 4, 4, 768, 228, 12, 0, 0, 0, 12345, 4.0, 4.0, 4.0, 768.0, 228.0, 12.0, 0.0, 0.0, 0.0, 12345.0, 
2021-07-13T19:57:28.966752, 1.234, 5.678, none, n, nan, 4, 4, 4, 714, 206, 12, 0, 0, 0, 12345, 4.0, 4.0, 4.0, 714.0, 206.0, 12.0, 0.0, 0.0, 0.0, 12345.0, 
2021-07-13T19:57:29.989435, 1.234, 5.678, none, n, nan, 4, 4, 4, 714, 206, 12, 0, 0, 0, 12345, 4.0, 4.0, 4.0, 714.0, 206.0, 12.0, 0.0, 0.0, 0.0, 12345.0, 
2021-07-13T19:57:30.994047, 1.234, 5.678, none, n, nan, 4, 4, 4, 759, 223, 12, 0, 0, 0, 12345, 4.0, 4.0, 4.0, 759.0, 223.0, 12.0, 0.0, 0.0, 0.0, 12345.0, 
2021-07-13T19:57:31.905164, 1.234, 5.678, none, n, nan, 4, 4, 4, 759, 223, 12, 0, 0, 0, 12345, 4.0, 4.0, 4.0, 759.0, 223.0, 12.0, 0.0, 0.0, 0.0, 12345.0, 
2021-07-13T19:57:32.917980, 1.234, 5.678, none, n, nan, 4, 5, 5, 849, 248, 16, 0, 0, 0, 12345, 4.0, 5.0, 5.0, 849.0, 248.0, 16.0, 0.0, 0.0, 0.0, 12345.0, 
2021-07-13T19:57:33.915061, 1.234, 5.678, none, n, nan, 4, 5, 5, 849, 248, 16, 0, 0, 0, 12345, 4.0, 5.0, 5.0, 849.0, 248.0, 16.0, 0.0, 0.0, 0.0, 12345.0, 
2021-07-13T19:57:34.919912, 1.234, 5.678, none, n, nan, 4, 5, 5, 855, 250, 16, 0, 0, 0, 12345, 4.0, 5.0, 5.0, 855.0, 250.0, 16.0, 0.0, 0.0, 0.0, 12345.0, 
2021-07-13T19:57:35.924774, 1.234, 5.678, none, n, nan, 4, 5, 5, 855, 250, 16, 0, 0, 0, 12345, 4.0, 5.0, 5.0, 855.0, 250.0, 16.0, 0.0, 0.0, 0.0, 12345.0, 
2021-07-13T19:57:36.930965, 1.234, 5.678, none, n, nan, 5, 5, 5, 891, 265, 23, 0, 0, 0, 12345, 5.0, 5.0, 5.0, 891.0, 265.0, 23.0, 0.0, 0.0, 0.0, 12345.0, 
2021-07-13T19:57:37.936227, 1.234, 5.678, none, n, nan, 5, 5, 5, 882, 260, 23, 0, 0, 0, 12345, 5.0, 5.0, 5.0, 882.0, 260.0, 23.0, 0.0, 0.0, 0.0, 12345.0, 
2021-07-13T19:57:38.940542, 1.234, 5.678, none, n, nan, 5, 5, 5, 882, 260, 23, 0, 0, 0, 12345, 5.0, 5.0, 5.0, 882.0, 260.0, 23.0, 0.0, 0.0, 0.0, 12345.0, 
2021-07-13T19:57:39.945455, 1.234, 5.678, none, n, nan, 5, 5, 5, 867, 255, 23, 0, 0, 0, 12345, 5.0, 5.0, 5.0, 867.0, 255.0, 23.0, 0.0, 0.0, 0.0, 12345.0, 
2021-07-13T19:57:40.952029, 1.234, 5.678, none, n, nan, 5, 5, 5, 867, 255, 23, 0, 0, 0, 12345, 5.0, 5.0, 5.0, 867.0, 255.0, 23.0, 0.0, 0.0, 0.0, 12345.0, 
2021-07-13T19:57:41.956676, 1.234, 5.678, none, n, nan, 5, 5, 5, 873, 260, 23, 0, 0, 0, 12345, 5.0, 5.0, 5.0, 873.0, 260.0, 23.0, 0.0, 0.0, 0.0, 12345.0, 
2021-07-13T19:57:42.961390, 1.234, 5.678, none, n, nan, 5, 5, 5, 873, 260, 23, 0, 0, 0, 12345, 5.0, 5.0, 5.0, 873.0, 260.0, 23.0, 0.0, 0.0, 0.0, 12345.0, 
2021-07-13T19:57:43.966167, 1.234, 5.678, none, n, nan, 5, 5, 5, 858, 253, 21, 0, 0, 0, 12345, 5.0, 5.0, 5.0, 858.0, 253.0, 21.0, 0.0, 0.0, 0.0, 12345.0, 
2021-07-13T19:57:44.970822, 1.234, 5.678, none, n, nan, 3, 4, 4, 828, 243, 19, 0, 0, 0, 12345, 3.0, 4.0, 4.0, 828.0, 243.0, 19.0, 0.0, 0.0, 0.0, 12345.0, 
2021-07-13T19:57:45.879941, 1.234, 5.678, none, n, nan, 3, 4, 4, 828, 243, 19, 0, 0, 0, 12345, 3.0, 4.0, 4.0, 828.0, 243.0, 19.0, 0.0, 0.0, 0.0, 12345.0, 
2021-07-13T19:57:46.888490, 1.234, 5.678, none, n, nan, 3, 5, 5, 837, 250, 26, 2, 0, 0, 12345, 3.0, 5.0, 5.0, 837.0, 250.0, 26.0, 2.0, 0.0, 0.0, 12345.0, 
2021-07-13T19:57:47.895995, 1.234, 5.678, none, n, nan, 4, 6, 6, 837, 250, 26, 2, 0, 0, 12345, 4.0, 6.0, 6.0, 837.0, 250.0, 26.0, 2.0, 0.0, 0.0, 12345.0, 
2021-07-13T19:57:49.004175, 1.234, 5.678, none, n, nan, 4, 5, 5, 807, 238, 26, 2, 0, 0, 12345, 4.0, 5.0, 5.0, 807.0, 238.0, 26.0, 2.0, 0.0, 0.0, 12345.0, 
2021-07-13T19:57:49.912421, 1.234, 5.678, none, n, nan, 4, 5, 5, 807, 238, 26, 2, 0, 0, 12345, 4.0, 5.0, 5.0, 807.0, 238.0, 26.0, 2.0, 0.0, 0.0, 12345.0, 
2021-07-13T19:57:50.920516, 1.234, 5.678, none, n, nan, 4, 5, 5, 732, 218, 22, 2, 0, 0, 12345, 4.0, 5.0, 5.0, 732.0, 218.0, 22.0, 2.0, 0.0, 0.0, 12345.0, 
2021-07-13T19:57:51.929407, 1.234, 5.678, none, n, nan, 4, 5, 5, 762, 221, 22, 2, 0, 0, 12345, 4.0, 5.0, 5.0, 762.0, 221.0, 22.0, 2.0, 0.0, 0.0, 12345.0, 
2021-07-13T19:57:52.937060, 1.234, 5.678, none, n, nan, 4, 5, 5, 762, 221, 22, 2, 0, 0, 12345, 4.0, 5.0, 5.0, 762.0, 221.0, 22.0, 2.0, 0.0, 0.0, 12345.0, 
2021-07-13T19:57:53.945927, 1.234, 5.678, none, n, nan, 4, 5, 5, 747, 218, 22, 2, 0, 0, 12345, 4.0, 5.0, 5.0, 747.0, 218.0, 22.0, 2.0, 0.0, 0.0, 12345.0, 
2021-07-13T19:57:54.953465, 1.234, 5.678, none, n, nan, 4, 5, 5, 747, 218, 22, 2, 0, 0, 12345, 4.0, 5.0, 5.0, 747.0, 218.0, 22.0, 2.0, 0.0, 0.0, 12345.0, 
2021-07-13T19:57:55.962216, 1.234, 5.678, none, n, nan, 4, 5, 5, 741, 215, 22, 2, 0, 0, 12345, 4.0, 5.0, 5.0, 741.0, 215.0, 22.0, 2.0, 0.0, 0.0, 12345.0, 
2021-07-13T19:57:56.969994, 1.234, 5.678, none, n, nan, 4, 5, 5, 741, 215, 22, 2, 0, 0, 12345, 4.0, 5.0, 5.0, 741.0, 215.0, 22.0, 2.0, 0.0, 0.0, 12345.0, 
2021-07-13T19:57:57.877865, 1.234, 5.678, none, n, nan, 4, 5, 5, 780, 222, 24, 2, 0, 0, 12345, 4.0, 5.0, 5.0, 780.0, 222.0, 24.0, 2.0, 0.0, 0.0, 12345.0, 
2021-07-13T19:57:58.886488, 1.234, 5.678, none, n, nan, 4, 5, 5, 744, 207, 22, 2, 0, 0, 12345, 4.0, 5.0, 5.0, 744.0, 207.0, 22.0, 2.0, 0.0, 0.0, 12345.0, 
2021-07-13T19:57:59.994149, 1.234, 5.678, none, n, nan, 3, 4, 4, 744, 207, 22, 2, 0, 0, 12345, 3.0, 4.0, 4.0, 744.0, 207.0, 22.0, 2.0, 0.0, 0.0, 12345.0, 
2021-07-13T19:58:00.901856, 1.234, 5.678, none, n, nan, 2, 3, 3, 723, 199, 22, 2, 0, 0, 12345, 2.0, 3.0, 3.0, 723.0, 199.0, 22.0, 2.0, 0.0, 0.0, 12345.0, 
2021-07-13T19:58:01.910158, 1.234, 5.678, none, n, nan, 2, 3, 3, 723, 199, 22, 2, 0, 0, 12345, 2.0, 3.0, 3.0, 723.0, 199.0, 22.0, 2.0, 0.0, 0.0, 12345.0, 
2021-07-13T19:58:03.018735, 1.234, 5.678, none, n, nan, 2, 3, 3, 729, 199, 20, 2, 0, 0, 12345, 2.0, 3.0, 3.0, 729.0, 199.0, 20.0, 2.0, 0.0, 0.0, 12345.0, 
2021-07-13T19:58:03.926295, 1.234, 5.678, none, n, nan, 2, 3, 3, 729, 199, 20, 2, 0, 0, 12345, 2.0, 3.0, 3.0, 729.0, 199.0, 20.0, 2.0, 0.0, 0.0, 12345.0, 
2021-07-13T19:58:04.934536, 1.234, 5.678, none, n, nan, 2, 3, 3, 720, 199, 17, 0, 0, 0, 12345, 2.0, 3.0, 3.0, 720.0, 199.0, 17.0, 0.0, 0.0, 0.0, 12345.0, 
2021-07-13T19:58:05.942529, 1.234, 5.678, none, n, nan, 3, 4, 4, 681, 191, 19, 0, 0, 0, 12345, 3.0, 4.0, 4.0, 681.0, 191.0, 19.0, 0.0, 0.0, 0.0, 12345.0, 
2021-07-13T19:58:06.950806, 1.234, 5.678, none, n, nan, 3, 4, 4, 681, 191, 19, 0, 0, 0, 12345, 3.0, 4.0, 4.0, 681.0, 191.0, 19.0, 0.0, 0.0, 0.0, 12345.0, 
2021-07-13T19:58:07.959643, 1.234, 5.678, none, n, nan, 4, 4, 4, 765, 213, 19, 0, 0, 0, 12345, 4.0, 4.0, 4.0, 765.0, 213.0, 19.0, 0.0, 0.0, 0.0, 12345.0, 
2021-07-13T19:58:08.967815, 1.234, 5.678, none, n, nan, 3, 3, 3, 765, 213, 19, 0, 0, 0, 12345, 3.0, 3.0, 3.0, 765.0, 213.0, 19.0, 0.0, 0.0, 0.0, 12345.0, 
2021-07-13T19:58:09.976364, 1.234, 5.678, none, n, nan, 3, 3, 3, 744, 213, 19, 0, 0, 0, 12345, 3.0, 3.0, 3.0, 744.0, 213.0, 19.0, 0.0, 0.0, 0.0, 12345.0, 
2021-07-13T19:58:10.879120, 1.234, 5.678, none, n, nan, 3, 3, 3, 744, 213, 19, 0, 0, 0, 12345, 3.0, 3.0, 3.0, 744.0, 213.0, 19.0, 0.0, 0.0, 0.0, 12345.0, 
2021-07-13T19:58:11.883673, 1.234, 5.678, none, n, nan, 3, 3, 3, 714, 208, 16, 0, 0, 0, 12345, 3.0, 3.0, 3.0, 714.0, 208.0, 16.0, 0.0, 0.0, 0.0, 12345.0, 
2021-07-13T19:58:12.988531, 1.234, 5.678, none, n, nan, 3, 3, 3, 714, 208, 16, 0, 0, 0, 12345, 3.0, 3.0, 3.0, 714.0, 208.0, 16.0, 0.0, 0.0, 0.0, 12345.0, 
2021-07-13T19:58:13.893319, 1.234, 5.678, none, n, nan, 3, 3, 3, 699, 206, 14, 0, 0, 0, 12345, 3.0, 3.0, 3.0, 699.0, 206.0, 14.0, 0.0, 0.0, 0.0, 12345.0, 
2021-07-13T19:58:14.898137, 1.234, 5.678, none, n, nan, 3, 3, 3, 684, 209, 16, 0, 0, 0, 12345, 3.0, 3.0, 3.0, 684.0, 209.0, 16.0, 0.0, 0.0, 0.0, 12345.0, 
2021-07-13T19:58:15.907515, 1.234, 5.678, none, n, nan, 3, 3, 3, 684, 209, 16, 0, 0, 0, 12345, 3.0, 3.0, 3.0, 684.0, 209.0, 16.0, 0.0, 0.0, 0.0, 12345.0, 
2021-07-13T19:58:16.917047, 1.234, 5.678, none, n, nan, 2, 3, 3, 615, 189, 14, 0, 0, 0, 12345, 2.0, 3.0, 3.0, 615.0, 189.0, 14.0, 0.0, 0.0, 0.0, 12345.0, 
2021-07-13T19:58:17.924910, 1.234, 5.678, none, n, nan, 2, 3, 3, 615, 189, 14, 0, 0, 0, 12345, 2.0, 3.0, 3.0, 615.0, 189.0, 14.0, 0.0, 0.0, 0.0, 12345.0, 
2021-07-13T19:58:18.932928, 1.234, 5.678, none, n, nan, 2, 3, 3, 645, 197, 14, 0, 0, 0, 12345, 2.0, 3.0, 3.0, 645.0, 197.0, 14.0, 0.0, 0.0, 0.0, 12345.0, 
2021-07-13T19:58:19.941115, 1.234, 5.678, none, n, nan, 2, 3, 3, 645, 197, 14, 0, 0, 0, 12345, 2.0, 3.0, 3.0, 645.0, 197.0, 14.0, 0.0, 0.0, 0.0, 12345.0, 
2021-07-13T19:58:20.949094, 1.234, 5.678, none, n, nan, 2, 2, 2, 600, 185, 14, 0, 0, 0, 12345, 2.0, 2.0, 2.0, 600.0, 185.0, 14.0, 0.0, 0.0, 0.0, 12345.0, 
2021-07-13T19:58:21.957217, 1.234, 5.678, none, n, nan, 2, 2, 2, 639, 193, 12, 0, 0, 0, 12345, 2.0, 2.0, 2.0, 639.0, 193.0, 12.0, 0.0, 0.0, 0.0, 12345.0, 
2021-07-13T19:58:22.967855, 1.234, 5.678, none, n, nan, 2, 2, 2, 639, 193, 12, 0, 0, 0, 12345, 2.0, 2.0, 2.0, 639.0, 193.0, 12.0, 0.0, 0.0, 0.0, 12345.0, 
2021-07-13T19:58:23.973469, 1.234, 5.678, none, n, nan, 2, 2, 2, 669, 203, 10, 0, 0, 0, 12345, 2.0, 2.0, 2.0, 669.0, 203.0, 10.0, 0.0, 0.0, 0.0, 12345.0, 
2021-07-13T19:58:24.981495, 1.234, 5.678, none, n, nan, 2, 2, 2, 669, 203, 10, 0, 0, 0, 12345, 2.0, 2.0, 2.0, 669.0, 203.0, 10.0, 0.0, 0.0, 0.0, 12345.0, 
2021-07-13T19:58:25.989889, 1.234, 5.678, none, n, nan, 2, 2, 2, 630, 196, 14, 0, 0, 0, 12345, 2.0, 2.0, 2.0, 630.0, 196.0, 14.0, 0.0, 0.0, 0.0, 12345.0, 
2021-07-13T19:58:26.998184, 1.234, 5.678, none, n, nan, 2, 2, 2, 630, 196, 14, 0, 0, 0, 12345, 2.0, 2.0, 2.0, 630.0, 196.0, 14.0, 0.0, 0.0, 0.0, 12345.0, 
2021-07-13T19:58:28.006404, 1.234, 5.678, none, n, nan, 2, 2, 2, 645, 198, 18, 0, 0, 0, 12345, 2.0, 2.0, 2.0, 645.0, 198.0, 18.0, 0.0, 0.0, 0.0, 12345.0, 
2021-07-13T19:58:29.014150, 1.234, 5.678, none, n, nan, 2, 2, 2, 600, 183, 14, 0, 0, 0, 12345, 2.0, 2.0, 2.0, 600.0, 183.0, 14.0, 0.0, 0.0, 0.0, 12345.0, 
2021-07-13T19:58:30.021982, 1.234, 5.678, none, n, nan, 2, 2, 2, 600, 183, 14, 0, 0, 0, 12345, 2.0, 2.0, 2.0, 600.0, 183.0, 14.0, 0.0, 0.0, 0.0, 12345.0, 
2021-07-13T19:58:30.929934, 1.234, 5.678, none, n, nan, 2, 2, 2, 630, 193, 18, 0, 0, 0, 12345, 2.0, 2.0, 2.0, 630.0, 193.0, 18.0, 0.0, 0.0, 0.0, 12345.0, 
2021-07-13T19:58:31.938288, 1.234, 5.678, none, n, nan, 2, 2, 2, 630, 193, 18, 0, 0, 0, 12345, 2.0, 2.0, 2.0, 630.0, 193.0, 18.0, 0.0, 0.0, 0.0, 12345.0, 
2021-07-13T19:58:32.946938, 1.234, 5.678, none, n, nan, 2, 2, 4, 630, 193, 16, 2, 2, 2, 12345, 2.0, 2.0, 4.0, 630.0, 193.0, 16.0, 2.0, 2.0, 2.0, 12345.0, 
2021-07-13T19:58:33.954727, 1.234, 5.678, none, n, nan, 2, 2, 4, 630, 193, 16, 2, 2, 2, 12345, 2.0, 2.0, 4.0, 630.0, 193.0, 16.0, 2.0, 2.0, 2.0, 12345.0, 
2021-07-13T19:58:34.962668, 1.234, 5.678, none, n, nan, 2, 3, 4, 675, 206, 16, 2, 2, 2, 12345, 2.0, 3.0, 4.0, 675.0, 206.0, 16.0, 2.0, 2.0, 2.0, 12345.0, 
2021-07-13T19:58:35.870910, 1.234, 5.678, none, n, nan, 2, 3, 4, 675, 211, 16, 2, 2, 2, 12345, 2.0, 3.0, 4.0, 675.0, 211.0, 16.0, 2.0, 2.0, 2.0, 12345.0, 
2021-07-13T19:58:36.878521, 1.234, 5.678, none, n, nan, 2, 3, 4, 675, 211, 16, 2, 2, 2, 12345, 2.0, 3.0, 4.0, 675.0, 211.0, 16.0, 2.0, 2.0, 2.0, 12345.0, 
2021-07-13T19:58:37.886515, 1.234, 5.678, none, n, nan, 3, 3, 5, 735, 221, 16, 2, 2, 2, 12345, 3.0, 3.0, 5.0, 735.0, 221.0, 16.0, 2.0, 2.0, 2.0, 12345.0, 
2021-07-13T19:58:38.894691, 1.234, 5.678, none, n, nan, 4, 4, 6, 735, 221, 16, 2, 2, 2, 12345, 4.0, 4.0, 6.0, 735.0, 221.0, 16.0, 2.0, 2.0, 2.0, 12345.0, 
2021-07-13T19:58:39.902550, 1.234, 5.678, none, n, nan, 4, 4, 5, 705, 211, 14, 2, 2, 2, 12345, 4.0, 4.0, 5.0, 705.0, 211.0, 14.0, 2.0, 2.0, 2.0, 12345.0, 
2021-07-13T19:58:40.910925, 1.234, 5.678, none, n, nan, 4, 4, 5, 705, 211, 14, 2, 2, 2, 12345, 4.0, 4.0, 5.0, 705.0, 211.0, 14.0, 2.0, 2.0, 2.0, 12345.0, 
2021-07-13T19:58:41.918796, 1.234, 5.678, none, n, nan, 2, 3, 4, 675, 199, 14, 2, 2, 2, 12345, 2.0, 3.0, 4.0, 675.0, 199.0, 14.0, 2.0, 2.0, 2.0, 12345.0, 
2021-07-13T19:58:43.027152, 1.234, 5.678, none, n, nan, 2, 2, 4, 645, 189, 10, 2, 2, 2, 12345, 2.0, 2.0, 4.0, 645.0, 189.0, 10.0, 2.0, 2.0, 2.0, 12345.0, 
2021-07-13T19:58:43.935285, 1.234, 5.678, none, n, nan, 2, 2, 4, 645, 189, 10, 2, 2, 2, 12345, 2.0, 2.0, 4.0, 645.0, 189.0, 10.0, 2.0, 2.0, 2.0, 12345.0, 
2021-07-13T19:58:44.943492, 1.234, 5.678, none, n, nan, 3, 4, 5, 651, 194, 8, 2, 2, 2, 12345, 3.0, 4.0, 5.0, 651.0, 194.0, 8.0, 2.0, 2.0, 2.0, 12345.0, 
2021-07-13T19:58:45.951477, 1.234, 5.678, none, n, nan, 3, 4, 5, 651, 194, 8, 2, 2, 2, 12345, 3.0, 4.0, 5.0, 651.0, 194.0, 8.0, 2.0, 2.0, 2.0, 12345.0, 
2021-07-13T19:58:46.959550, 1.234, 5.678, none, n, nan, 4, 4, 5, 681, 204, 10, 2, 2, 2, 12345, 4.0, 4.0, 5.0, 681.0, 204.0, 10.0, 2.0, 2.0, 2.0, 12345.0, 
2021-07-13T19:58:47.967641, 1.234, 5.678, none, n, nan, 4, 4, 5, 681, 204, 10, 2, 2, 2, 12345, 4.0, 4.0, 5.0, 681.0, 204.0, 10.0, 2.0, 2.0, 2.0, 12345.0, 
2021-07-13T19:58:48.976095, 1.234, 5.678, none, n, nan, 3, 3, 6, 651, 184, 8, 4, 4, 2, 12345, 3.0, 3.0, 6.0, 651.0, 184.0, 8.0, 4.0, 4.0, 2.0, 12345.0, 
2021-07-13T19:58:49.884160, 1.234, 5.678, none, n, nan, 3, 3, 6, 651, 184, 8, 4, 4, 2, 12345, 3.0, 3.0, 6.0, 651.0, 184.0, 8.0, 4.0, 4.0, 2.0, 12345.0, 
2021-07-13T19:58:50.891883, 1.234, 5.678, none, n, nan, 3, 3, 4, 672, 184, 6, 2, 2, 0, 12345, 3.0, 3.0, 4.0, 672.0, 184.0, 6.0, 2.0, 2.0, 0.0, 12345.0, 
2021-07-13T19:58:52.000124, 1.234, 5.678, none, n, nan, 4, 4, 5, 711, 199, 10, 2, 2, 0, 12345, 4.0, 4.0, 5.0, 711.0, 199.0, 10.0, 2.0, 2.0, 0.0, 12345.0, 
2021-07-13T19:58:52.908764, 1.234, 5.678, none, n, nan, 4, 4, 5, 711, 199, 10, 2, 2, 0, 12345, 4.0, 4.0, 5.0, 711.0, 199.0, 10.0, 2.0, 2.0, 0.0, 12345.0, 
2021-07-13T19:58:53.916512, 1.234, 5.678, none, n, nan, 3, 3, 4, 666, 179, 10, 2, 2, 0, 12345, 3.0, 3.0, 4.0, 666.0, 179.0, 10.0, 2.0, 2.0, 0.0, 12345.0, 
2021-07-13T19:58:55.024757, 1.234, 5.678, none, n, nan, 3, 3, 4, 666, 179, 10, 2, 2, 0, 12345, 3.0, 3.0, 4.0, 666.0, 179.0, 10.0, 2.0, 2.0, 0.0, 12345.0, 
2021-07-13T19:58:55.932645, 1.234, 5.678, none, n, nan, 3, 3, 4, 636, 176, 10, 2, 2, 0, 12345, 3.0, 3.0, 4.0, 636.0, 176.0, 10.0, 2.0, 2.0, 0.0, 12345.0, 
2021-07-13T19:58:56.941039, 1.234, 5.678, none, n, nan, 3, 3, 4, 636, 176, 10, 2, 2, 0, 12345, 3.0, 3.0, 4.0, 636.0, 176.0, 10.0, 2.0, 2.0, 0.0, 12345.0, 
2021-07-13T19:58:57.948985, 1.234, 5.678, none, n, nan, 3, 3, 4, 642, 178, 10, 2, 2, 0, 12345, 3.0, 3.0, 4.0, 642.0, 178.0, 10.0, 2.0, 2.0, 0.0, 12345.0, 
2021-07-13T19:58:58.957151, 1.234, 5.678, none, n, nan, 3, 4, 5, 657, 185, 10, 2, 2, 0, 12345, 3.0, 4.0, 5.0, 657.0, 185.0, 10.0, 2.0, 2.0, 0.0, 12345.0, 
2021-07-13T19:58:59.965663, 1.234, 5.678, none, n, nan, 3, 4, 5, 657, 185, 10, 2, 2, 0, 12345, 3.0, 4.0, 5.0, 657.0, 185.0, 10.0, 2.0, 2.0, 0.0, 12345.0, 
2021-07-13T19:59:00.973541, 1.234, 5.678, none, n, nan, 4, 4, 5, 672, 190, 10, 2, 2, 0, 12345, 4.0, 4.0, 5.0, 672.0, 190.0, 10.0, 2.0, 2.0, 0.0, 12345.0, 
2021-07-13T19:59:01.881109, 1.234, 5.678, none, n, nan, 4, 4, 5, 672, 190, 10, 2, 2, 0, 12345, 4.0, 4.0, 5.0, 672.0, 190.0, 10.0, 2.0, 2.0, 0.0, 12345.0, 
2021-07-13T19:59:02.889170, 1.234, 5.678, none, n, nan, 4, 4, 5, 687, 193, 12, 2, 2, 0, 12345, 4.0, 4.0, 5.0, 687.0, 193.0, 12.0, 2.0, 2.0, 0.0, 12345.0, 
2021-07-13T19:59:03.997862, 1.234, 5.678, none, n, nan, 4, 4, 5, 687, 193, 12, 2, 2, 0, 12345, 4.0, 4.0, 5.0, 687.0, 193.0, 12.0, 2.0, 2.0, 0.0, 12345.0, 
2021-07-13T19:59:04.905504, 1.234, 5.678, none, n, nan, 4, 4, 5, 717, 201, 14, 2, 2, 0, 12345, 4.0, 4.0, 5.0, 717.0, 201.0, 14.0, 2.0, 2.0, 0.0, 12345.0, 
2021-07-13T19:59:06.013785, 1.234, 5.678, none, n, nan, 4, 5, 5, 768, 221, 16, 0, 0, 0, 12345, 4.0, 5.0, 5.0, 768.0, 221.0, 16.0, 0.0, 0.0, 0.0, 12345.0, 
2021-07-13T19:59:06.921942, 1.234, 5.678, none, n, nan, 4, 5, 5, 768, 221, 16, 0, 0, 0, 12345, 4.0, 5.0, 5.0, 768.0, 221.0, 16.0, 0.0, 0.0, 0.0, 12345.0, 
2021-07-13T19:59:07.930218, 1.234, 5.678, none, n, nan, 4, 4, 4, 762, 223, 16, 0, 0, 0, 12345, 4.0, 4.0, 4.0, 762.0, 223.0, 16.0, 0.0, 0.0, 0.0, 12345.0, 
2021-07-13T19:59:08.942225, 1.234, 5.678, none, n, nan, 4, 4, 4, 762, 223, 16, 0, 0, 0, 12345, 4.0, 4.0, 4.0, 762.0, 223.0, 16.0, 0.0, 0.0, 0.0, 12345.0, 
2021-07-13T19:59:09.954939, 1.234, 5.678, none, n, nan, 4, 4, 4, 723, 205, 12, 0, 0, 0, 12345, 4.0, 4.0, 4.0, 723.0, 205.0, 12.0, 0.0, 0.0, 0.0, 12345.0, 
2021-07-13T19:59:10.967399, 1.234, 5.678, none, n, nan, 4, 4, 4, 723, 205, 12, 0, 0, 0, 12345, 4.0, 4.0, 4.0, 723.0, 205.0, 12.0, 0.0, 0.0, 0.0, 12345.0, 
2021-07-13T19:59:11.879313, 1.234, 5.678, none, n, nan, 4, 4, 4, 798, 227, 12, 0, 0, 0, 12345, 4.0, 4.0, 4.0, 798.0, 227.0, 12.0, 0.0, 0.0, 0.0, 12345.0, 
2021-07-13T19:59:12.991343, 1.234, 5.678, none, n, nan, 4, 4, 4, 798, 232, 12, 0, 0, 0, 12345, 4.0, 4.0, 4.0, 798.0, 232.0, 12.0, 0.0, 0.0, 0.0, 12345.0, 
2021-07-13T19:59:13.904454, 1.234, 5.678, none, n, nan, 4, 4, 4, 798, 232, 12, 0, 0, 0, 12345, 4.0, 4.0, 4.0, 798.0, 232.0, 12.0, 0.0, 0.0, 0.0, 12345.0, 
2021-07-13T19:59:14.921028, 1.234, 5.678, none, n, nan, 4, 4, 4, 762, 222, 12, 0, 0, 0, 12345, 4.0, 4.0, 4.0, 762.0, 222.0, 12.0, 0.0, 0.0, 0.0, 12345.0, 
2021-07-13T19:59:15.929620, 1.234, 5.678, none, n, nan, 4, 4, 4, 762, 222, 12, 0, 0, 0, 12345, 4.0, 4.0, 4.0, 762.0, 222.0, 12.0, 0.0, 0.0, 0.0, 12345.0, 
2021-07-13T19:59:16.937992, 1.234, 5.678, none, n, nan, 4, 4, 4, 807, 232, 14, 0, 0, 0, 12345, 4.0, 4.0, 4.0, 807.0, 232.0, 14.0, 0.0, 0.0, 0.0, 12345.0, 
2021-07-13T19:59:17.946754, 1.234, 5.678, none, n, nan, 4, 4, 4, 807, 232, 14, 0, 0, 0, 12345, 4.0, 4.0, 4.0, 807.0, 232.0, 14.0, 0.0, 0.0, 0.0, 12345.0, 
2021-07-13T19:59:18.955434, 1.234, 5.678, none, n, nan, 4, 4, 4, 792, 229, 14, 0, 0, 0, 12345, 4.0, 4.0, 4.0, 792.0, 229.0, 14.0, 0.0, 0.0, 0.0, 12345.0, 
2021-07-13T19:59:19.964975, 1.234, 5.678, none, n, nan, 4, 4, 4, 792, 229, 10, 0, 0, 0, 12345, 4.0, 4.0, 4.0, 792.0, 229.0, 10.0, 0.0, 0.0, 0.0, 12345.0, 
2021-07-13T19:59:20.972652, 1.234, 5.678, none, n, nan, 4, 4, 4, 792, 229, 10, 0, 0, 0, 12345, 4.0, 4.0, 4.0, 792.0, 229.0, 10.0, 0.0, 0.0, 0.0, 12345.0, 
2021-07-13T19:59:21.880946, 1.234, 5.678, none, n, nan, 3, 3, 3, 711, 204, 6, 0, 0, 0, 12345, 3.0, 3.0, 3.0, 711.0, 204.0, 6.0, 0.0, 0.0, 0.0, 12345.0, 
2021-07-13T19:59:22.889764, 1.234, 5.678, none, n, nan, 3, 3, 3, 711, 204, 6, 0, 0, 0, 12345, 3.0, 3.0, 3.0, 711.0, 204.0, 6.0, 0.0, 0.0, 0.0, 12345.0, 
2021-07-13T19:59:23.898321, 1.234, 5.678, none, n, nan, 3, 3, 3, 696, 206, 2, 0, 0, 0, 12345, 3.0, 3.0, 3.0, 696.0, 206.0, 2.0, 0.0, 0.0, 0.0, 12345.0, 
2021-07-13T19:59:25.007056, 1.234, 5.678, none, n, nan, 3, 3, 3, 696, 206, 2, 0, 0, 0, 12345, 3.0, 3.0, 3.0, 696.0, 206.0, 2.0, 0.0, 0.0, 0.0, 12345.0, 
2021-07-13T19:59:25.916160, 1.234, 5.678, none, n, nan, 4, 4, 4, 717, 211, 11, 0, 0, 0, 12345, 4.0, 4.0, 4.0, 717.0, 211.0, 11.0, 0.0, 0.0, 0.0, 12345.0, 
2021-07-13T19:59:26.924354, 1.234, 5.678, none, n, nan, 4, 4, 4, 717, 211, 11, 0, 0, 0, 12345, 4.0, 4.0, 4.0, 717.0, 211.0, 11.0, 0.0, 0.0, 0.0, 12345.0, 
2021-07-13T19:59:27.932558, 1.234, 5.678, none, n, nan, 4, 4, 4, 717, 214, 11, 0, 0, 0, 12345, 4.0, 4.0, 4.0, 717.0, 214.0, 11.0, 0.0, 0.0, 0.0, 12345.0, 
2021-07-13T19:59:28.941436, 1.234, 5.678, none, n, nan, 4, 4, 4, 723, 214, 13, 0, 0, 0, 12345, 4.0, 4.0, 4.0, 723.0, 214.0, 13.0, 0.0, 0.0, 0.0, 12345.0, 
2021-07-13T19:59:29.949722, 1.234, 5.678, none, n, nan, 4, 4, 4, 723, 214, 13, 0, 0, 0, 12345, 4.0, 4.0, 4.0, 723.0, 214.0, 13.0, 0.0, 0.0, 0.0, 12345.0, 
2021-07-13T19:59:30.959035, 1.234, 5.678, none, n, nan, 4, 4, 4, 747, 219, 15, 0, 0, 0, 12345, 4.0, 4.0, 4.0, 747.0, 219.0, 15.0, 0.0, 0.0, 0.0, 12345.0, 
2021-07-13T19:59:31.967396, 1.234, 5.678, none, n, nan, 4, 4, 4, 747, 219, 15, 0, 0, 0, 12345, 4.0, 4.0, 4.0, 747.0, 219.0, 15.0, 0.0, 0.0, 0.0, 12345.0, 
2021-07-13T19:59:32.976257, 1.234, 5.678, none, n, nan, 4, 5, 5, 792, 237, 17, 2, 0, 0, 12345, 4.0, 5.0, 5.0, 792.0, 237.0, 17.0, 2.0, 0.0, 0.0, 12345.0, 
2021-07-13T19:59:33.984345, 1.234, 5.678, none, n, nan, 4, 5, 5, 792, 237, 17, 2, 0, 0, 12345, 4.0, 5.0, 5.0, 792.0, 237.0, 17.0, 2.0, 0.0, 0.0, 12345.0, 
2021-07-13T19:59:34.895944, 1.234, 5.678, none, n, nan, 4, 5, 5, 786, 237, 24, 2, 0, 0, 12345, 4.0, 5.0, 5.0, 786.0, 237.0, 24.0, 2.0, 0.0, 0.0, 12345.0, 
2021-07-13T19:59:35.904555, 1.234, 5.678, none, n, nan, 4, 5, 5, 801, 237, 24, 2, 0, 0, 12345, 4.0, 5.0, 5.0, 801.0, 237.0, 24.0, 2.0, 0.0, 0.0, 12345.0, 
2021-07-13T19:59:36.913068, 1.234, 5.678, none, n, nan, 4, 5, 5, 801, 237, 24, 2, 0, 0, 12345, 4.0, 5.0, 5.0, 801.0, 237.0, 24.0, 2.0, 0.0, 0.0, 12345.0, 
2021-07-13T19:59:38.021721, 1.234, 5.678, none, n, nan, 5, 5, 5, 795, 237, 24, 2, 0, 0, 12345, 5.0, 5.0, 5.0, 795.0, 237.0, 24.0, 2.0, 0.0, 0.0, 12345.0, 
2021-07-13T19:59:38.930394, 1.234, 5.678, none, n, nan, 5, 5, 5, 795, 237, 24, 2, 0, 0, 12345, 5.0, 5.0, 5.0, 795.0, 237.0, 24.0, 2.0, 0.0, 0.0, 12345.0, 
2021-07-13T19:59:39.939243, 1.234, 5.678, none, n, nan, 5, 6, 6, 840, 249, 28, 2, 0, 0, 12345, 5.0, 6.0, 6.0, 840.0, 249.0, 28.0, 2.0, 0.0, 0.0, 12345.0, 
2021-07-13T19:59:40.948039, 1.234, 5.678, none, n, nan, 5, 6, 6, 840, 249, 28, 2, 0, 0, 12345, 5.0, 6.0, 6.0, 840.0, 249.0, 28.0, 2.0, 0.0, 0.0, 12345.0, 
2021-07-13T19:59:41.956821, 1.234, 5.678, none, n, nan, 4, 5, 5, 804, 234, 28, 2, 0, 0, 12345, 4.0, 5.0, 5.0, 804.0, 234.0, 28.0, 2.0, 0.0, 0.0, 12345.0, 
2021-07-13T19:59:42.965670, 1.234, 5.678, none, n, nan, 4, 5, 5, 798, 237, 19, 2, 0, 0, 12345, 4.0, 5.0, 5.0, 798.0, 237.0, 19.0, 2.0, 0.0, 0.0, 12345.0, 
2021-07-13T19:59:43.976421, 1.234, 5.678, none, n, nan, 4, 5, 5, 798, 237, 19, 2, 0, 0, 12345, 4.0, 5.0, 5.0, 798.0, 237.0, 19.0, 2.0, 0.0, 0.0, 12345.0, 
2021-07-13T19:59:44.885693, 1.234, 5.678, none, n, nan, 5, 6, 6, 837, 247, 28, 2, 0, 0, 12345, 5.0, 6.0, 6.0, 837.0, 247.0, 28.0, 2.0, 0.0, 0.0, 12345.0, 
2021-07-13T19:59:45.994681, 1.234, 5.678, none, n, nan, 5, 6, 6, 837, 247, 28, 2, 0, 0, 12345, 5.0, 6.0, 6.0, 837.0, 247.0, 28.0, 2.0, 0.0, 0.0, 12345.0, 
2021-07-13T19:59:46.903358, 1.234, 5.678, none, n, nan, 4, 6, 6, 807, 245, 26, 2, 0, 0, 12345, 4.0, 6.0, 6.0, 807.0, 245.0, 26.0, 2.0, 0.0, 0.0, 12345.0, 
2021-07-13T19:59:47.911507, 1.234, 5.678, none, n, nan, 4, 6, 6, 807, 245, 26, 2, 0, 0, 12345, 4.0, 6.0, 6.0, 807.0, 245.0, 26.0, 2.0, 0.0, 0.0, 12345.0, 
2021-07-13T19:59:48.921497, 1.234, 5.678, none, n, nan, 4, 5, 6, 783, 240, 26, 4, 0, 0, 12345, 4.0, 5.0, 6.0, 783.0, 240.0, 26.0, 4.0, 0.0, 0.0, 12345.0, 
2021-07-13T19:59:49.930422, 1.234, 5.678, none, n, nan, 3, 4, 4, 753, 227, 24, 2, 0, 0, 12345, 3.0, 4.0, 4.0, 753.0, 227.0, 24.0, 2.0, 0.0, 0.0, 12345.0, 
2021-07-13T19:59:50.939335, 1.234, 5.678, none, n, nan, 3, 4, 4, 753, 227, 24, 2, 0, 0, 12345, 3.0, 4.0, 4.0, 753.0, 227.0, 24.0, 2.0, 0.0, 0.0, 12345.0, 
2021-07-13T19:59:51.949072, 1.234, 5.678, none, n, nan, 3, 3, 4, 744, 220, 15, 2, 0, 0, 12345, 3.0, 3.0, 4.0, 744.0, 220.0, 15.0, 2.0, 0.0, 0.0, 12345.0, 
2021-07-13T19:59:52.957281, 1.234, 5.678, none, n, nan, 3, 3, 4, 744, 220, 15, 2, 0, 0, 12345, 3.0, 3.0, 4.0, 744.0, 220.0, 15.0, 2.0, 0.0, 0.0, 12345.0, 
2021-07-13T19:59:53.965778, 1.234, 5.678, none, n, nan, 4, 5, 5, 753, 228, 17, 2, 0, 0, 12345, 4.0, 5.0, 5.0, 753.0, 228.0, 17.0, 2.0, 0.0, 0.0, 12345.0, 
2021-07-13T19:59:54.974391, 1.234, 5.678, none, n, nan, 4, 5, 5, 753, 228, 17, 2, 0, 0, 12345, 4.0, 5.0, 5.0, 753.0, 228.0, 17.0, 2.0, 0.0, 0.0, 12345.0, 
2021-07-13T19:59:55.882890, 1.234, 5.678, none, n, nan, 4, 4, 5, 699, 208, 17, 2, 0, 0, 12345, 4.0, 4.0, 5.0, 699.0, 208.0, 17.0, 2.0, 0.0, 0.0, 12345.0, 
2021-07-13T19:59:56.891009, 1.234, 5.678, none, n, nan, 4, 4, 5, 699, 208, 17, 2, 0, 0, 12345, 4.0, 4.0, 5.0, 699.0, 208.0, 17.0, 2.0, 0.0, 0.0, 12345.0, 
2021-07-13T19:59:57.899557, 1.234, 5.678, none, n, nan, 4, 4, 5, 720, 213, 13, 2, 0, 0, 12345, 4.0, 4.0, 5.0, 720.0, 213.0, 13.0, 2.0, 0.0, 0.0, 12345.0, 
2021-07-13T19:59:59.008408, 1.234, 5.678, none, n, nan, 4, 4, 5, 705, 208, 13, 2, 0, 0, 12345, 4.0, 4.0, 5.0, 705.0, 208.0, 13.0, 2.0, 0.0, 0.0, 12345.0, 
2021-07-13T19:59:59.917082, 1.234, 5.678, none, n, nan, 4, 4, 5, 705, 208, 13, 2, 0, 0, 12345, 4.0, 4.0, 5.0, 705.0, 208.0, 13.0, 2.0, 0.0, 0.0, 12345.0, 
2021-07-13T20:00:00.925835, 1.234, 5.678, none, n, nan, 4, 4, 5, 696, 203, 13, 2, 0, 0, 12345, 4.0, 4.0, 5.0, 696.0, 203.0, 13.0, 2.0, 0.0, 0.0, 12345.0, 
2021-07-13T20:00:01.934895, 1.234, 5.678, none, n, nan, 4, 4, 5, 696, 203, 13, 2, 0, 0, 12345, 4.0, 4.0, 5.0, 696.0, 203.0, 13.0, 2.0, 0.0, 0.0, 12345.0, 
2021-07-13T20:00:02.937867, 1.234, 5.678, none, n, nan, 4, 4, 4, 681, 203, 4, 2, 0, 0, 12345, 4.0, 4.0, 4.0, 681.0, 203.0, 4.0, 2.0, 0.0, 0.0, 12345.0, 
2021-07-13T20:00:03.942595, 1.234, 5.678, none, n, nan, 4, 4, 4, 681, 203, 4, 2, 0, 0, 12345, 4.0, 4.0, 4.0, 681.0, 203.0, 4.0, 2.0, 0.0, 0.0, 12345.0, 
2021-07-13T20:00:04.947328, 1.234, 5.678, none, n, nan, 3, 3, 4, 666, 200, 4, 2, 0, 0, 12345, 3.0, 3.0, 4.0, 666.0, 200.0, 4.0, 2.0, 0.0, 0.0, 12345.0, 
2021-07-13T20:00:05.957315, 1.234, 5.678, none, n, nan, 4, 4, 4, 720, 215, 2, 0, 0, 0, 12345, 4.0, 4.0, 4.0, 720.0, 215.0, 2.0, 0.0, 0.0, 0.0, 12345.0, 
2021-07-13T20:00:06.968755, 1.234, 5.678, none, n, nan, 4, 4, 4, 720, 215, 2, 0, 0, 0, 12345, 4.0, 4.0, 4.0, 720.0, 215.0, 2.0, 0.0, 0.0, 0.0, 12345.0, 
2021-07-13T20:00:07.875691, 1.234, 5.678, none, n, nan, 4, 4, 4, 741, 225, 2, 0, 0, 0, 12345, 4.0, 4.0, 4.0, 741.0, 225.0, 2.0, 0.0, 0.0, 0.0, 12345.0, 
2021-07-13T20:00:08.883695, 1.234, 5.678, none, n, nan, 3, 3, 3, 741, 225, 2, 0, 0, 0, 12345, 3.0, 3.0, 3.0, 741.0, 225.0, 2.0, 0.0, 0.0, 0.0, 12345.0, 
2021-07-13T20:00:09.894753, 1.234, 5.678, none, n, nan, 3, 3, 3, 741, 232, 2, 0, 0, 0, 12345, 3.0, 3.0, 3.0, 741.0, 232.0, 2.0, 0.0, 0.0, 0.0, 12345.0, 
2021-07-13T20:00:11.003476, 1.234, 5.678, none, n, nan, 3, 3, 3, 741, 232, 2, 0, 0, 0, 12345, 3.0, 3.0, 3.0, 741.0, 232.0, 2.0, 0.0, 0.0, 0.0, 12345.0, 
2021-07-13T20:00:12.006919, 1.234, 5.678, none, n, nan, 4, 4, 4, 726, 224, 0, 0, 0, 0, 12345, 4.0, 4.0, 4.0, 726.0, 224.0, 0.0, 0.0, 0.0, 0.0, 12345.0, 
2021-07-13T20:00:13.011676, 1.234, 5.678, none, n, nan, 4, 4, 4, 741, 229, 0, 0, 0, 0, 12345, 4.0, 4.0, 4.0, 741.0, 229.0, 0.0, 0.0, 0.0, 0.0, 12345.0, 
2021-07-13T20:00:13.916267, 1.234, 5.678, none, n, nan, 4, 4, 4, 741, 229, 0, 0, 0, 0, 12345, 4.0, 4.0, 4.0, 741.0, 229.0, 0.0, 0.0, 0.0, 0.0, 12345.0, 
2021-07-13T20:00:14.921422, 1.234, 5.678, none, n, nan, 4, 4, 4, 765, 234, 7, 0, 0, 0, 12345, 4.0, 4.0, 4.0, 765.0, 234.0, 7.0, 0.0, 0.0, 0.0, 12345.0, 
2021-07-13T20:00:15.934649, 1.234, 5.678, none, n, nan, 4, 4, 4, 765, 234, 7, 0, 0, 0, 12345, 4.0, 4.0, 4.0, 765.0, 234.0, 7.0, 0.0, 0.0, 0.0, 12345.0, 
2021-07-13T20:00:16.945445, 1.234, 5.678, none, n, nan, 4, 4, 4, 756, 232, 7, 0, 0, 0, 12345, 4.0, 4.0, 4.0, 756.0, 232.0, 7.0, 0.0, 0.0, 0.0, 12345.0, 
2021-07-13T20:00:17.956354, 1.234, 5.678, none, n, nan, 4, 4, 4, 756, 232, 7, 0, 0, 0, 12345, 4.0, 4.0, 4.0, 756.0, 232.0, 7.0, 0.0, 0.0, 0.0, 12345.0, 
2021-07-13T20:00:18.968807, 1.234, 5.678, none, n, nan, 4, 5, 5, 765, 237, 9, 2, 0, 0, 12345, 4.0, 5.0, 5.0, 765.0, 237.0, 9.0, 2.0, 0.0, 0.0, 12345.0, 
2021-07-13T20:00:19.981188, 1.234, 5.678, none, n, nan, 4, 4, 4, 756, 229, 9, 2, 0, 0, 12345, 4.0, 4.0, 4.0, 756.0, 229.0, 9.0, 2.0, 0.0, 0.0, 12345.0, 
2021-07-13T20:00:20.992041, 1.234, 5.678, none, n, nan, 4, 4, 4, 756, 229, 9, 2, 0, 0, 12345, 4.0, 4.0, 4.0, 756.0, 229.0, 9.0, 2.0, 0.0, 0.0, 12345.0, 
2021-07-13T20:00:22.000306, 1.234, 5.678, none, n, nan, 4, 4, 4, 741, 222, 9, 2, 0, 0, 12345, 4.0, 4.0, 4.0, 741.0, 222.0, 9.0, 2.0, 0.0, 0.0, 12345.0, 
2021-07-13T20:00:23.012046, 1.234, 5.678, none, n, nan, 4, 4, 4, 741, 222, 9, 2, 0, 0, 12345, 4.0, 4.0, 4.0, 741.0, 222.0, 9.0, 2.0, 0.0, 0.0, 12345.0, 
2021-07-13T20:00:24.019193, 1.234, 5.678, none, n, nan, 4, 4, 4, 732, 215, 13, 2, 0, 0, 12345, 4.0, 4.0, 4.0, 732.0, 215.0, 13.0, 2.0, 0.0, 0.0, 12345.0, 
2021-07-13T20:00:24.925927, 1.234, 5.678, none, n, nan, 4, 4, 4, 732, 215, 13, 2, 0, 0, 12345, 4.0, 4.0, 4.0, 732.0, 215.0, 13.0, 2.0, 0.0, 0.0, 12345.0, 
2021-07-13T20:00:25.932836, 1.234, 5.678, none, n, nan, 4, 4, 4, 696, 198, 13, 2, 0, 0, 12345, 4.0, 4.0, 4.0, 696.0, 198.0, 13.0, 2.0, 0.0, 0.0, 12345.0, 
2021-07-13T20:00:26.940095, 1.234, 5.678, none, n, nan, 3, 3, 3, 645, 178, 13, 2, 0, 0, 12345, 3.0, 3.0, 3.0, 645.0, 178.0, 13.0, 2.0, 0.0, 0.0, 12345.0, 
2021-07-13T20:00:27.946887, 1.234, 5.678, none, n, nan, 3, 3, 3, 645, 178, 13, 2, 0, 0, 12345, 3.0, 3.0, 3.0, 645.0, 178.0, 13.0, 2.0, 0.0, 0.0, 12345.0, 
2021-07-13T20:00:28.958877, 1.234, 5.678, none, n, nan, 2, 2, 2, 615, 171, 13, 2, 0, 0, 12345, 2.0, 2.0, 2.0, 615.0, 171.0, 13.0, 2.0, 0.0, 0.0, 12345.0, 
2021-07-13T20:00:29.970959, 1.234, 5.678, none, n, nan, 2, 2, 2, 615, 171, 13, 2, 0, 0, 12345, 2.0, 2.0, 2.0, 615.0, 171.0, 13.0, 2.0, 0.0, 0.0, 12345.0, 
2021-07-13T20:00:30.882568, 1.234, 5.678, none, n, nan, 2, 2, 2, 654, 176, 13, 2, 0, 0, 12345, 2.0, 2.0, 2.0, 654.0, 176.0, 13.0, 2.0, 0.0, 0.0, 12345.0, 
2021-07-13T20:00:31.894501, 1.234, 5.678, none, n, nan, 2, 2, 2, 654, 176, 13, 2, 0, 0, 12345, 2.0, 2.0, 2.0, 654.0, 176.0, 13.0, 2.0, 0.0, 0.0, 12345.0, 
2021-07-13T20:00:33.006613, 1.234, 5.678, none, n, nan, 3, 3, 3, 624, 164, 6, 2, 0, 0, 12345, 3.0, 3.0, 3.0, 624.0, 164.0, 6.0, 2.0, 0.0, 0.0, 12345.0, 
2021-07-13T20:00:34.019740, 1.234, 5.678, none, n, nan, 3, 3, 3, 663, 176, 8, 2, 0, 0, 12345, 3.0, 3.0, 3.0, 663.0, 176.0, 8.0, 2.0, 0.0, 0.0, 12345.0, 
2021-07-13T20:00:34.933163, 1.234, 5.678, none, n, nan, 3, 3, 3, 663, 176, 8, 2, 0, 0, 12345, 3.0, 3.0, 3.0, 663.0, 176.0, 8.0, 2.0, 0.0, 0.0, 12345.0, 
2021-07-13T20:00:35.946175, 1.234, 5.678, none, n, nan, 2, 2, 2, 603, 153, 6, 0, 0, 0, 12345, 2.0, 2.0, 2.0, 603.0, 153.0, 6.0, 0.0, 0.0, 0.0, 12345.0, 
2021-07-13T20:00:36.955860, 1.234, 5.678, none, n, nan, 2, 2, 2, 603, 153, 6, 0, 0, 0, 12345, 2.0, 2.0, 2.0, 603.0, 153.0, 6.0, 0.0, 0.0, 0.0, 12345.0, 
2021-07-13T20:00:37.867164, 1.234, 5.678, none, n, nan, 3, 3, 3, 603, 158, 8, 0, 0, 0, 12345, 3.0, 3.0, 3.0, 603.0, 158.0, 8.0, 0.0, 0.0, 0.0, 12345.0, 
2021-07-13T20:00:38.975401, 1.234, 5.678, none, n, nan, 3, 3, 3, 603, 158, 8, 0, 0, 0, 12345, 3.0, 3.0, 3.0, 603.0, 158.0, 8.0, 0.0, 0.0, 0.0, 12345.0, 
2021-07-13T20:00:39.885338, 1.234, 5.678, none, n, nan, 3, 3, 3, 618, 163, 12, 0, 0, 0, 12345, 3.0, 3.0, 3.0, 618.0, 163.0, 12.0, 0.0, 0.0, 0.0, 12345.0, 
2021-07-13T20:00:40.897581, 1.234, 5.678, none, n, nan, 3, 3, 3, 618, 163, 12, 0, 0, 0, 12345, 3.0, 3.0, 3.0, 618.0, 163.0, 12.0, 0.0, 0.0, 0.0, 12345.0, 
2021-07-13T20:00:42.005171, 1.234, 5.678, none, n, nan, 3, 3, 3, 588, 158, 10, 0, 0, 0, 12345, 3.0, 3.0, 3.0, 588.0, 158.0, 10.0, 0.0, 0.0, 0.0, 12345.0, 
2021-07-13T20:00:43.010738, 1.234, 5.678, none, n, nan, 3, 3, 3, 588, 163, 12, 0, 0, 0, 12345, 3.0, 3.0, 3.0, 588.0, 163.0, 12.0, 0.0, 0.0, 0.0, 12345.0, 
2021-07-13T20:00:44.021598, 1.234, 5.678, none, n, nan, 3, 3, 3, 588, 163, 12, 0, 0, 0, 12345, 3.0, 3.0, 3.0, 588.0, 163.0, 12.0, 0.0, 0.0, 0.0, 12345.0, 
2021-07-13T20:00:44.934547, 1.234, 5.678, none, n, nan, 3, 3, 3, 654, 178, 21, 0, 0, 0, 12345, 3.0, 3.0, 3.0, 654.0, 178.0, 21.0, 0.0, 0.0, 0.0, 12345.0, 
2021-07-13T20:00:45.947540, 1.234, 5.678, none, n, nan, 3, 3, 3, 654, 178, 21, 0, 0, 0, 12345, 3.0, 3.0, 3.0, 654.0, 178.0, 21.0, 0.0, 0.0, 0.0, 12345.0, 
2021-07-13T20:00:46.960681, 1.234, 5.678, none, n, nan, 3, 3, 3, 714, 185, 21, 0, 0, 0, 12345, 3.0, 3.0, 3.0, 714.0, 185.0, 21.0, 0.0, 0.0, 0.0, 12345.0, 
2021-07-13T20:00:47.974453, 1.234, 5.678, none, n, nan, 3, 3, 3, 714, 185, 21, 0, 0, 0, 12345, 3.0, 3.0, 3.0, 714.0, 185.0, 21.0, 0.0, 0.0, 0.0, 12345.0, 
2021-07-13T20:00:48.884681, 1.234, 5.678, none, n, nan, 4, 4, 4, 750, 202, 21, 0, 0, 0, 12345, 4.0, 4.0, 4.0, 750.0, 202.0, 21.0, 0.0, 0.0, 0.0, 12345.0, 
2021-07-13T20:00:49.896929, 1.234, 5.678, none, n, nan, 4, 5, 5, 816, 229, 25, 0, 0, 0, 12345, 4.0, 5.0, 5.0, 816.0, 229.0, 25.0, 0.0, 0.0, 0.0, 12345.0, 
2021-07-13T20:00:50.906395, 1.234, 5.678, none, n, nan, 4, 5, 5, 816, 229, 25, 0, 0, 0, 12345, 4.0, 5.0, 5.0, 816.0, 229.0, 25.0, 0.0, 0.0, 0.0, 12345.0, 
2021-07-13T20:00:51.914068, 1.234, 5.678, none, n, nan, 4, 4, 4, 807, 219, 23, 0, 0, 0, 12345, 4.0, 4.0, 4.0, 807.0, 219.0, 23.0, 0.0, 0.0, 0.0, 12345.0, 
2021-07-13T20:00:52.926467, 1.234, 5.678, none, n, nan, 4, 4, 4, 807, 219, 23, 0, 0, 0, 12345, 4.0, 4.0, 4.0, 807.0, 219.0, 23.0, 0.0, 0.0, 0.0, 12345.0, 
2021-07-13T20:00:53.938974, 1.234, 5.678, none, n, nan, 4, 4, 4, 813, 222, 27, 0, 0, 0, 12345, 4.0, 4.0, 4.0, 813.0, 222.0, 27.0, 0.0, 0.0, 0.0, 12345.0, 
2021-07-13T20:00:54.951111, 1.234, 5.678, none, n, nan, 4, 4, 4, 813, 222, 27, 0, 0, 0, 12345, 4.0, 4.0, 4.0, 813.0, 222.0, 27.0, 0.0, 0.0, 0.0, 12345.0, 
2021-07-13T20:00:55.963464, 1.234, 5.678, none, n, nan, 5, 5, 5, 873, 237, 25, 0, 0, 0, 12345, 5.0, 5.0, 5.0, 873.0, 237.0, 25.0, 0.0, 0.0, 0.0, 12345.0, 
2021-07-13T20:00:56.976399, 1.234, 5.678, none, n, nan, 5, 5, 5, 867, 234, 23, 0, 0, 0, 12345, 5.0, 5.0, 5.0, 867.0, 234.0, 23.0, 0.0, 0.0, 0.0, 12345.0, 
2021-07-13T20:00:57.888012, 1.234, 5.678, none, n, nan, 5, 5, 5, 867, 234, 23, 0, 0, 0, 12345, 5.0, 5.0, 5.0, 867.0, 234.0, 23.0, 0.0, 0.0, 0.0, 12345.0, 
2021-07-13T20:00:58.896870, 1.234, 5.678, none, n, nan, 4, 5, 5, 876, 236, 21, 0, 0, 0, 12345, 4.0, 5.0, 5.0, 876.0, 236.0, 21.0, 0.0, 0.0, 0.0, 12345.0, 
2021-07-13T20:00:59.909186, 1.234, 5.678, none, n, nan, 4, 5, 5, 876, 236, 21, 0, 0, 0, 12345, 4.0, 5.0, 5.0, 876.0, 236.0, 21.0, 0.0, 0.0, 0.0, 12345.0, 
2021-07-13T20:01:00.925037, 1.234, 5.678, none, n, nan, 5, 5, 5, 891, 238, 21, 0, 0, 0, 12345, 5.0, 5.0, 5.0, 891.0, 238.0, 21.0, 0.0, 0.0, 0.0, 12345.0, 
2021-07-13T20:01:01.939185, 1.234, 5.678, none, n, nan, 5, 5, 5, 891, 238, 21, 0, 0, 0, 12345, 5.0, 5.0, 5.0, 891.0, 238.0, 21.0, 0.0, 0.0, 0.0, 12345.0, 
2021-07-13T20:01:02.954299, 1.234, 5.678, none, n, nan, 4, 4, 4, 846, 233, 12, 0, 0, 0, 12345, 4.0, 4.0, 4.0, 846.0, 233.0, 12.0, 0.0, 0.0, 0.0, 12345.0, 
2021-07-13T20:01:03.967709, 1.234, 5.678, none, n, nan, 4, 4, 4, 792, 228, 12, 0, 0, 0, 12345, 4.0, 4.0, 4.0, 792.0, 228.0, 12.0, 0.0, 0.0, 0.0, 12345.0, 
2021-07-13T20:01:04.976012, 1.234, 5.678, none, n, nan, 4, 4, 4, 792, 228, 12, 0, 0, 0, 12345, 4.0, 4.0, 4.0, 792.0, 228.0, 12.0, 0.0, 0.0, 0.0, 12345.0, 
2021-07-13T20:01:05.984752, 1.234, 5.678, none, n, nan, 4, 4, 4, 756, 218, 12, 0, 0, 0, 12345, 4.0, 4.0, 4.0, 756.0, 218.0, 12.0, 0.0, 0.0, 0.0, 12345.0, 
2021-07-13T20:01:06.891790, 1.234, 5.678, none, n, nan, 4, 4, 4, 756, 218, 12, 0, 0, 0, 12345, 4.0, 4.0, 4.0, 756.0, 218.0, 12.0, 0.0, 0.0, 0.0, 12345.0, 
2021-07-13T20:01:07.896223, 1.234, 5.678, none, n, nan, 3, 4, 4, 675, 196, 15, 0, 0, 0, 12345, 3.0, 4.0, 4.0, 675.0, 196.0, 15.0, 0.0, 0.0, 0.0, 12345.0, 
2021-07-13T20:01:08.905710, 1.234, 5.678, none, n, nan, 3, 4, 4, 675, 196, 15, 0, 0, 0, 12345, 3.0, 4.0, 4.0, 675.0, 196.0, 15.0, 0.0, 0.0, 0.0, 12345.0, 
2021-07-13T20:01:09.918017, 1.234, 5.678, none, n, nan, 3, 4, 4, 690, 211, 17, 0, 0, 0, 12345, 3.0, 4.0, 4.0, 690.0, 211.0, 17.0, 0.0, 0.0, 0.0, 12345.0, 
2021-07-13T20:01:10.929942, 1.234, 5.678, none, n, nan, 3, 4, 4, 690, 211, 17, 0, 0, 0, 12345, 3.0, 4.0, 4.0, 690.0, 211.0, 17.0, 0.0, 0.0, 0.0, 12345.0, 
2021-07-13T20:01:11.942030, 1.234, 5.678, none, n, nan, 3, 4, 4, 705, 218, 13, 0, 0, 0, 12345, 3.0, 4.0, 4.0, 705.0, 218.0, 13.0, 0.0, 0.0, 0.0, 12345.0, 
2021-07-13T20:01:12.954725, 1.234, 5.678, none, n, nan, 3, 4, 4, 645, 201, 15, 2, 0, 0, 12345, 3.0, 4.0, 4.0, 645.0, 201.0, 15.0, 2.0, 0.0, 0.0, 12345.0, 
2021-07-13T20:01:13.966951, 1.234, 5.678, none, n, nan, 3, 4, 4, 645, 201, 15, 2, 0, 0, 12345, 3.0, 4.0, 4.0, 645.0, 201.0, 15.0, 2.0, 0.0, 0.0, 12345.0, 
2021-07-13T20:01:14.979186, 1.234, 5.678, none, n, nan, 3, 4, 4, 696, 214, 13, 2, 0, 0, 12345, 3.0, 4.0, 4.0, 696.0, 214.0, 13.0, 2.0, 0.0, 0.0, 12345.0, 
2021-07-13T20:01:15.994783, 1.234, 5.678, none, n, nan, 3, 4, 4, 696, 214, 13, 2, 0, 0, 12345, 3.0, 4.0, 4.0, 696.0, 214.0, 13.0, 2.0, 0.0, 0.0, 12345.0, 
2021-07-13T20:01:16.903619, 1.234, 5.678, none, n, nan, 3, 4, 5, 717, 222, 17, 4, 2, 0, 12345, 3.0, 4.0, 5.0, 717.0, 222.0, 17.0, 4.0, 2.0, 0.0, 12345.0, 
2021-07-13T20:01:17.907796, 1.234, 5.678, none, n, nan, 3, 4, 5, 717, 222, 17, 4, 2, 0, 12345, 3.0, 4.0, 5.0, 717.0, 222.0, 17.0, 4.0, 2.0, 0.0, 12345.0, 
2021-07-13T20:01:18.928658, 1.234, 5.678, none, n, nan, 3, 4, 5, 738, 227, 19, 4, 2, 0, 12345, 3.0, 4.0, 5.0, 738.0, 227.0, 19.0, 4.0, 2.0, 0.0, 12345.0, 
2021-07-13T20:01:19.936898, 1.234, 5.678, none, n, nan, 3, 5, 6, 738, 227, 21, 4, 2, 0, 12345, 3.0, 5.0, 6.0, 738.0, 227.0, 21.0, 4.0, 2.0, 0.0, 12345.0, 
2021-07-13T20:01:20.944861, 1.234, 5.678, none, n, nan, 3, 5, 6, 738, 227, 21, 4, 2, 0, 12345, 3.0, 5.0, 6.0, 738.0, 227.0, 21.0, 4.0, 2.0, 0.0, 12345.0, 
2021-07-13T20:01:21.956658, 1.234, 5.678, none, n, nan, 3, 5, 6, 768, 232, 23, 4, 2, 0, 12345, 3.0, 5.0, 6.0, 768.0, 232.0, 23.0, 4.0, 2.0, 0.0, 12345.0, 
2021-07-13T20:01:22.964993, 1.234, 5.678, none, n, nan, 3, 5, 6, 768, 232, 23, 4, 2, 0, 12345, 3.0, 5.0, 6.0, 768.0, 232.0, 23.0, 4.0, 2.0, 0.0, 12345.0, 
2021-07-13T20:01:23.974947, 1.234, 5.678, none, n, nan, 3, 5, 6, 768, 235, 30, 4, 2, 0, 12345, 3.0, 5.0, 6.0, 768.0, 235.0, 30.0, 4.0, 2.0, 0.0, 12345.0, 
2021-07-13T20:01:24.983119, 1.234, 5.678, none, n, nan, 3, 5, 6, 768, 235, 30, 4, 2, 0, 12345, 3.0, 5.0, 6.0, 768.0, 235.0, 30.0, 4.0, 2.0, 0.0, 12345.0, 
2021-07-13T20:01:25.990663, 1.234, 5.678, none, n, nan, 3, 4, 6, 774, 232, 23, 4, 2, 0, 12345, 3.0, 4.0, 6.0, 774.0, 232.0, 23.0, 4.0, 2.0, 0.0, 12345.0, 
2021-07-13T20:01:26.998325, 1.234, 5.678, none, n, nan, 3, 4, 5, 738, 215, 21, 4, 2, 0, 12345, 3.0, 4.0, 5.0, 738.0, 215.0, 21.0, 4.0, 2.0, 0.0, 12345.0, 
2021-07-13T20:01:27.905958, 1.234, 5.678, none, n, nan, 3, 4, 5, 738, 215, 21, 4, 2, 0, 12345, 3.0, 4.0, 5.0, 738.0, 215.0, 21.0, 4.0, 2.0, 0.0, 12345.0, 
2021-07-13T20:01:28.918784, 1.234, 5.678, none, n, nan, 3, 4, 5, 747, 218, 23, 4, 2, 0, 12345, 3.0, 4.0, 5.0, 747.0, 218.0, 23.0, 4.0, 2.0, 0.0, 12345.0, 
2021-07-13T20:01:29.932094, 1.234, 5.678, none, n, nan, 3, 4, 5, 747, 218, 23, 4, 2, 0, 12345, 3.0, 4.0, 5.0, 747.0, 218.0, 23.0, 4.0, 2.0, 0.0, 12345.0, 
2021-07-13T20:01:30.946296, 1.234, 5.678, none, n, nan, 4, 4, 5, 747, 218, 25, 2, 2, 0, 12345, 4.0, 4.0, 5.0, 747.0, 218.0, 25.0, 2.0, 2.0, 0.0, 12345.0, 
2021-07-13T20:01:31.960782, 1.234, 5.678, none, n, nan, 4, 4, 5, 747, 218, 25, 2, 2, 0, 12345, 4.0, 4.0, 5.0, 747.0, 218.0, 25.0, 2.0, 2.0, 0.0, 12345.0, 
2021-07-13T20:01:32.974411, 1.234, 5.678, none, n, nan, 4, 4, 6, 711, 210, 29, 4, 2, 0, 12345, 4.0, 4.0, 6.0, 711.0, 210.0, 29.0, 4.0, 2.0, 0.0, 12345.0, 
2021-07-13T20:01:33.880812, 1.234, 5.678, none, n, nan, 4, 4, 4, 690, 202, 27, 2, 0, 0, 12345, 4.0, 4.0, 4.0, 690.0, 202.0, 27.0, 2.0, 0.0, 0.0, 12345.0, 
2021-07-13T20:01:34.885576, 1.234, 5.678, none, n, nan, 4, 4, 4, 690, 202, 27, 2, 0, 0, 12345, 4.0, 4.0, 4.0, 690.0, 202.0, 27.0, 2.0, 0.0, 0.0, 12345.0, 
