2021-07-14T11:59:22.635223, 54.5754133333, -1.2376683333, causesLilith, o, 0, 12, 15, 16, 2016, 600, 83, 6, 2, 0, 12345, 12.0, 15.0, 16.0, 2016.0, 600.0, 83.0, 6.0, 2.0, 0.0, 12345.0, 
2021-07-14T11:59:22.735323, 54.5754133333, -1.2376683333, causesLilith, o, 0, 12, 15, 16, 2016, 600, 83, 6, 2, 0, 12345, 12.0, 15.0, 16.0, 2016.0, 600.0, 83.0, 6.0, 2.0, 0.0, 12345.0, 
2021-07-14T11:59:22.846974, 54.5754116667, -1.23767, causesLilith, o, 0, 13, 16, 17, 2007, 590, 83, 4, 2, 0, 12345, 13.0, 16.0, 17.0, 2007.0, 590.0, 83.0, 4.0, 2.0, 0.0, 12345.0, 
2021-07-14T11:59:22.958082, 54.5754116667, -1.23767, causesLilith, o, 0, 13, 16, 17, 2007, 590, 83, 4, 2, 0, 12345, 13.0, 16.0, 17.0, 2007.0, 590.0, 83.0, 4.0, 2.0, 0.0, 12345.0, 
2021-07-14T11:59:23.068895, 54.5754116667, -1.2376666667, causesLilith, o, 0, 13, 16, 20, 2169, 623, 81, 9, 7, 2, 12345, 13.0, 16.0, 20.0, 2169.0, 623.0, 81.0, 9.0, 7.0, 2.0, 12345.0, 
2021-07-14T11:59:23.781766, 54.5754133333, -1.237665, causesLilith, o, 0, 12, 15, 19, 2169, 623, 81, 9, 7, 2, 12345, 12.0, 15.0, 19.0, 2169.0, 623.0, 81.0, 9.0, 7.0, 2.0, 12345.0, 
2021-07-14T11:59:24.896151, 54.5754133333, -1.2376633333, causesLilith, o, 0, 12, 15, 20, 2238, 633, 81, 11, 7, 2, 12345, 12.0, 15.0, 20.0, 2238.0, 633.0, 81.0, 11.0, 7.0, 2.0, 12345.0, 
2021-07-14T11:59:25.910502, 54.5754133333, -1.2376616667, causesLilith, o, 0, 12, 15, 18, 2136, 607, 76, 9, 5, 2, 12345, 12.0, 15.0, 18.0, 2136.0, 607.0, 76.0, 9.0, 5.0, 2.0, 12345.0, 
2021-07-14T11:59:26.924806, 54.575415, -1.2376616667, causesLilith, o, 0, 12, 15, 18, 2136, 607, 76, 9, 5, 2, 12345, 12.0, 15.0, 18.0, 2136.0, 607.0, 76.0, 9.0, 5.0, 2.0, 12345.0, 
2021-07-14T11:59:27.842668, 54.5754016667, -1.23767, causesLilith, o, 0, 11, 14, 18, 2157, 599, 63, 9, 5, 2, 12345, 11.0, 14.0, 18.0, 2157.0, 599.0, 63.0, 9.0, 5.0, 2.0, 12345.0, 
2021-07-14T11:59:28.956727, 54.575405, -1.2376766667, causesLilith, o, 0, 11, 14, 18, 2157, 599, 63, 9, 5, 2, 12345, 11.0, 14.0, 18.0, 2157.0, 599.0, 63.0, 9.0, 5.0, 2.0, 12345.0, 
2021-07-14T11:59:29.870260, 54.575405, -1.237675, causesLilith, o, 0, 11, 13, 17, 2025, 561, 65, 9, 5, 2, 12345, 11.0, 13.0, 17.0, 2025.0, 561.0, 65.0, 9.0, 5.0, 2.0, 12345.0, 
2021-07-14T11:59:30.886603, 54.5754066667, -1.2376766667, causesLilith, w, 0, 11, 13, 17, 2025, 561, 65, 9, 5, 2, 12345, 11.0, 13.0, 17.0, 2025.0, 561.0, 65.0, 9.0, 5.0, 2.0, 12345.0, 
2021-07-14T11:59:32.000677, 54.5754066667, -1.237675, causesLilith, w, 0, 10, 13, 17, 1980, 550, 70, 11, 5, 2, 12345, 10.0, 13.0, 17.0, 1980.0, 550.0, 70.0, 11.0, 5.0, 2.0, 12345.0, 
2021-07-14T11:59:32.914873, 54.5754066667, -1.2376766667, causesLilith, w, 0, 10, 13, 19, 1926, 534, 77, 13, 7, 4, 12345, 10.0, 13.0, 19.0, 1926.0, 534.0, 77.0, 13.0, 7.0, 4.0, 12345.0, 
2021-07-14T11:59:33.928719, 54.5754066667, -1.2376783333, causesLilith, w, 0, 10, 13, 19, 1926, 534, 77, 13, 7, 4, 12345, 10.0, 13.0, 19.0, 1926.0, 534.0, 77.0, 13.0, 7.0, 4.0, 12345.0, 
2021-07-14T11:59:34.845571, 54.5754083333, -1.2376783333, causesLilith, w, 0, 9, 12, 17, 1848, 503, 67, 13, 7, 4, 12345, 9.0, 12.0, 17.0, 1848.0, 503.0, 67.0, 13.0, 7.0, 4.0, 12345.0, 
2021-07-14T11:59:35.859468, 54.5754083333, -1.23768, causesLilith, w, 0, 9, 12, 17, 1848, 503, 67, 13, 7, 4, 12345, 9.0, 12.0, 17.0, 1848.0, 503.0, 67.0, 13.0, 7.0, 4.0, 12345.0, 
2021-07-14T11:59:36.974296, 54.5754083333, -1.23768, causesLilith, w, 0, 9, 11, 17, 1848, 490, 67, 11, 7, 4, 12345, 9.0, 11.0, 17.0, 1848.0, 490.0, 67.0, 11.0, 7.0, 4.0, 12345.0, 
2021-07-14T11:59:37.889209, 54.5753866667, -1.23764, causesLilith, w, 0, 9, 11, 17, 1848, 490, 67, 11, 7, 4, 12345, 9.0, 11.0, 17.0, 1848.0, 490.0, 67.0, 11.0, 7.0, 4.0, 12345.0, 
2021-07-14T11:59:38.903950, 54.5753833333, -1.2376333333, causesLilith, ne, 0.00054451794463467, 9, 11, 16, 1785, 474, 62, 11, 7, 4, 12345, 9.0, 11.0, 16.0, 1785.0, 474.0, 62.0, 11.0, 7.0, 4.0, 12345.0, 
2021-07-14T11:59:39.918243, 54.5753783333, -1.2376383333, causesLilith, ne, 0.00054451794463467, 9, 11, 13, 1716, 459, 57, 6, 2, 2, 12345, 9.0, 11.0, 13.0, 1716.0, 459.0, 57.0, 6.0, 2.0, 2.0, 12345.0, 
2021-07-14T11:59:40.932456, 54.57538, -1.2376516667, causesLilith, ne, 0.00054451794463467, 9, 11, 13, 1716, 459, 57, 6, 2, 2, 12345, 9.0, 11.0, 13.0, 1716.0, 459.0, 57.0, 6.0, 2.0, 2.0, 12345.0, 
2021-07-14T11:59:41.946705, 54.5753783333, -1.237655, causesLilith, ne, 0.00054451794463467, 9, 11, 12, 1746, 467, 59, 4, 2, 2, 12345, 9.0, 11.0, 12.0, 1746.0, 467.0, 59.0, 4.0, 2.0, 2.0, 12345.0, 
2021-07-14T11:59:42.961273, 54.5753816667, -1.2376633333, causesLilith, ne, 0.00054451794463467, 9, 11, 12, 1746, 467, 59, 4, 2, 2, 12345, 9.0, 11.0, 12.0, 1746.0, 467.0, 59.0, 4.0, 2.0, 2.0, 12345.0, 
2021-07-14T11:59:43.975986, 54.5753916667, -1.2376733333, causesLilith, ne, 0.00054451794463467, 9, 10, 13, 1731, 469, 54, 6, 4, 2, 12345, 9.0, 10.0, 13.0, 1731.0, 469.0, 54.0, 6.0, 4.0, 2.0, 12345.0, 
2021-07-14T11:59:44.990153, 54.5753933333, -1.237675, causesLilith, ne, 0.00054451794463467, 9, 10, 13, 1731, 469, 54, 6, 4, 2, 12345, 9.0, 10.0, 13.0, 1731.0, 469.0, 54.0, 6.0, 4.0, 2.0, 12345.0, 
2021-07-14T11:59:46.004886, 54.575395, -1.23768, causesLilith, ne, 0.00054451794463467, 8, 10, 13, 1632, 451, 57, 6, 4, 2, 12345, 8.0, 10.0, 13.0, 1632.0, 451.0, 57.0, 6.0, 4.0, 2.0, 12345.0, 
2021-07-14T11:59:47.019621, 54.575395, -1.23768, causesLilith, w, 0.00046804278896215, 9, 11, 13, 1695, 464, 52, 8, 4, 2, 12345, 9.0, 11.0, 13.0, 1695.0, 464.0, 52.0, 8.0, 4.0, 2.0, 12345.0, 
2021-07-14T11:59:47.934452, 54.5753983333, -1.2376866667, causesLilith, w, 0.00046804278896215, 9, 11, 13, 1695, 464, 52, 8, 4, 2, 12345, 9.0, 11.0, 13.0, 1695.0, 464.0, 52.0, 8.0, 4.0, 2.0, 12345.0, 
2021-07-14T11:59:48.949317, 54.5753966667, -1.2376866667, causesLilith, w, 0.00046804278896215, 9, 9, 12, 1680, 459, 42, 6, 4, 2, 12345, 9.0, 9.0, 12.0, 1680.0, 459.0, 42.0, 6.0, 4.0, 2.0, 12345.0, 
2021-07-14T11:59:50.064287, 54.5753983333, -1.237695, causesLilith, w, 0.00046804278896215, 9, 9, 12, 1680, 459, 42, 6, 4, 2, 12345, 9.0, 9.0, 12.0, 1680.0, 459.0, 42.0, 6.0, 4.0, 2.0, 12345.0, 
2021-07-14T11:59:50.978381, 54.5753983333, -1.237695, causesLilith, w, 0.00046804278896215, 10, 12, 13, 1866, 529, 73, 4, 2, 0, 12345, 10.0, 12.0, 13.0, 1866.0, 529.0, 73.0, 4.0, 2.0, 0.0, 12345.0, 
2021-07-14T11:59:51.993727, 54.5753966667, -1.2376966667, causesLilith, w, 0.00046804278896215, 10, 12, 13, 1866, 516, 78, 6, 2, 0, 12345, 10.0, 12.0, 13.0, 1866.0, 516.0, 78.0, 6.0, 2.0, 0.0, 12345.0, 
2021-07-14T11:59:53.008385, 54.575395, -1.2376966667, causesLilith, w, 0.00046804278896215, 10, 12, 13, 1836, 511, 78, 6, 2, 0, 12345, 10.0, 12.0, 13.0, 1836.0, 511.0, 78.0, 6.0, 2.0, 0.0, 12345.0, 
2021-07-14T11:59:53.926210, 54.5753933333, -1.2376966667, causesLilith, w, 0.00046804278896215, 10, 13, 15, 1899, 537, 91, 11, 2, 0, 12345, 10.0, 13.0, 15.0, 1899.0, 537.0, 91.0, 11.0, 2.0, 0.0, 12345.0, 
2021-07-14T11:59:54.940945, 54.5753916667, -1.2376966667, causesLilith, w, 0.00046804278896215, 10, 15, 16, 1959, 558, 103, 11, 2, 0, 12345, 10.0, 15.0, 16.0, 1959.0, 558.0, 103.0, 11.0, 2.0, 0.0, 12345.0, 
2021-07-14T11:59:55.956404, 54.57539, -1.2376966667, causesLilith, w, 0.00017261843905473, 10, 16, 17, 2037, 571, 131, 9, 0, 0, 12345, 10.0, 16.0, 17.0, 2037.0, 571.0, 131.0, 9.0, 0.0, 0.0, 12345.0, 
2021-07-14T11:59:56.971651, 54.5753883333, -1.2376966667, causesLilith, w, 0.00017261843905473, 10, 17, 17, 2115, 594, 141, 9, 0, 0, 12345, 10.0, 17.0, 17.0, 2115.0, 594.0, 141.0, 9.0, 0.0, 0.0, 12345.0, 
2021-07-14T11:59:57.986519, 54.5753883333, -1.237695, causesLilith, w, 0.00017261843905473, 10, 16, 17, 2070, 576, 139, 7, 0, 0, 12345, 10.0, 16.0, 17.0, 2070.0, 576.0, 139.0, 7.0, 0.0, 0.0, 12345.0, 
2021-07-14T11:59:58.900886, 54.5753883333, -1.2376933333, causesLilith, w, 0.00017261843905473, 10, 17, 19, 2154, 604, 157, 12, 2, 0, 12345, 10.0, 17.0, 19.0, 2154.0, 604.0, 157.0, 12.0, 2.0, 0.0, 12345.0, 
2021-07-14T11:59:59.916170, 54.5753866667, -1.2376933333, causesLilith, w, 0.00017261843905473, 8, 15, 17, 1977, 542, 124, 12, 2, 0, 12345, 8.0, 15.0, 17.0, 1977.0, 542.0, 124.0, 12.0, 2.0, 0.0, 12345.0, 
2021-07-14T12:00:00.931192, 54.5753866667, -1.2376916667, causesLilith, w, 0.00017261843905473, 8, 15, 17, 1962, 544, 122, 10, 2, 0, 12345, 8.0, 15.0, 17.0, 1962.0, 544.0, 122.0, 10.0, 2.0, 0.0, 12345.0, 
2021-07-14T12:00:01.946648, 54.575385, -1.2376916667, causesLilith, w, 0.00017261843905473, 9, 16, 17, 1998, 560, 122, 10, 2, 0, 12345, 9.0, 16.0, 17.0, 1998.0, 560.0, 122.0, 10.0, 2.0, 0.0, 12345.0, 
2021-07-14T12:00:02.961661, 54.575385, -1.2376916667, causesLilith, w, 0.00017261843905473, 9, 16, 17, 1998, 560, 122, 10, 2, 0, 12345, 9.0, 16.0, 17.0, 1998.0, 560.0, 122.0, 10.0, 2.0, 0.0, 12345.0, 
2021-07-14T12:00:03.976861, 54.575385, -1.2376916667, causesLilith, ne, 9.0977905592649e-05, 8, 14, 15, 1896, 516, 107, 5, 2, 0, 12345, 8.0, 14.0, 15.0, 1896.0, 516.0, 107.0, 5.0, 2.0, 0.0, 12345.0, 
2021-07-14T12:00:04.891461, 54.575385, -1.23769, causesLilith, ne, 9.0977905592649e-05, 7, 13, 14, 1782, 482, 97, 7, 2, 0, 12345, 7.0, 13.0, 14.0, 1782.0, 482.0, 97.0, 7.0, 2.0, 0.0, 12345.0, 
2021-07-14T12:00:05.907012, 54.575385, -1.2376866667, causesLilith, ne, 9.0977905592649e-05, 7, 13, 14, 1782, 482, 97, 7, 2, 0, 12345, 7.0, 13.0, 14.0, 1782.0, 482.0, 97.0, 7.0, 2.0, 0.0, 12345.0, 
2021-07-14T12:00:07.021575, 54.575385, -1.237685, causesLilith, ne, 9.0977905592649e-05, 8, 13, 14, 1782, 498, 77, 7, 2, 0, 12345, 8.0, 13.0, 14.0, 1782.0, 498.0, 77.0, 7.0, 2.0, 0.0, 12345.0, 
2021-07-14T12:00:08.036986, 54.5753866667, -1.2376833333, causesLilith, ne, 9.0977905592649e-05, 8, 13, 14, 1782, 498, 77, 7, 2, 0, 12345, 8.0, 13.0, 14.0, 1782.0, 498.0, 77.0, 7.0, 2.0, 0.0, 12345.0, 
2021-07-14T12:00:08.951464, 54.5753866667, -1.2376816667, causesLilith, ne, 9.0977905592649e-05, 8, 12, 13, 1758, 480, 64, 7, 2, 0, 12345, 8.0, 12.0, 13.0, 1758.0, 480.0, 64.0, 7.0, 2.0, 0.0, 12345.0, 
2021-07-14T12:00:09.966647, 54.5753866667, -1.23768, causesLilith, ne, 9.0977905592649e-05, 8, 12, 13, 1758, 480, 64, 7, 2, 0, 12345, 8.0, 12.0, 13.0, 1758.0, 480.0, 64.0, 7.0, 2.0, 0.0, 12345.0, 
2021-07-14T12:00:10.981187, 54.5753883333, -1.2376783333, causesLilith, ne, 9.0977905592649e-05, 7, 11, 12, 1710, 462, 56, 7, 2, 0, 12345, 7.0, 11.0, 12.0, 1710.0, 462.0, 56.0, 7.0, 2.0, 0.0, 12345.0, 
2021-07-14T12:00:11.996276, 54.5754066667, -1.2376633333, causesLilith, se, 0.00043186564310647, 7, 11, 13, 1716, 472, 61, 7, 2, 0, 12345, 7.0, 11.0, 13.0, 1716.0, 472.0, 61.0, 7.0, 2.0, 0.0, 12345.0, 
2021-07-14T12:00:13.010762, 54.5754216667, -1.237655, causesLilith, se, 0.00043186564310647, 7, 11, 13, 1716, 472, 61, 7, 2, 0, 12345, 7.0, 11.0, 13.0, 1716.0, 472.0, 61.0, 7.0, 2.0, 0.0, 12345.0, 
2021-07-14T12:00:14.126141, 54.57543, -1.2376483333, causesLilith, se, 0.00043186564310647, 7, 10, 10, 1554, 426, 43, 2, 0, 0, 12345, 7.0, 10.0, 10.0, 1554.0, 426.0, 43.0, 2.0, 0.0, 0.0, 12345.0, 
2021-07-14T12:00:15.040299, 54.5754366667, -1.23764, causesLilith, se, 0.00043186564310647, 7, 10, 10, 1554, 426, 43, 2, 0, 0, 12345, 7.0, 10.0, 10.0, 1554.0, 426.0, 43.0, 2.0, 0.0, 0.0, 12345.0, 
2021-07-14T12:00:15.955174, 54.575445, -1.2376233333, causesLilith, se, 0.00043186564310647, 8, 10, 10, 1623, 452, 45, 2, 0, 0, 12345, 8.0, 10.0, 10.0, 1623.0, 452.0, 45.0, 2.0, 0.0, 0.0, 12345.0, 
2021-07-14T12:00:16.969347, 54.57545, -1.2376116667, causesLilith, se, 0.00043186564310647, 8, 10, 10, 1623, 452, 45, 2, 0, 0, 12345, 8.0, 10.0, 10.0, 1623.0, 452.0, 45.0, 2.0, 0.0, 0.0, 12345.0, 
2021-07-14T12:00:17.984571, 54.5754566667, -1.2375966667, causesLilith, se, 0.00043186564310647, 8, 11, 11, 1692, 483, 50, 2, 0, 0, 12345, 8.0, 11.0, 11.0, 1692.0, 483.0, 50.0, 2.0, 0.0, 0.0, 12345.0, 
2021-07-14T12:00:18.898732, 54.5754633333, -1.237585, causesLilith, se, 0.00043186564310647, 8, 12, 12, 1731, 495, 61, 4, 0, 0, 12345, 8.0, 12.0, 12.0, 1731.0, 495.0, 61.0, 4.0, 0.0, 0.0, 12345.0, 
2021-07-14T12:00:19.914126, 54.5754666667, -1.2375766667, causesLilith, se, 0.0012429948258641, 8, 12, 12, 1731, 495, 61, 4, 0, 0, 12345, 8.0, 12.0, 12.0, 1731.0, 495.0, 61.0, 4.0, 0.0, 0.0, 12345.0, 
2021-07-14T12:00:20.928909, 54.5754716667, -1.2375666667, causesLilith, se, 0.0012429948258641, 10, 13, 13, 1950, 557, 61, 4, 0, 0, 12345, 10.0, 13.0, 13.0, 1950.0, 557.0, 61.0, 4.0, 0.0, 0.0, 12345.0, 
2021-07-14T12:00:21.943351, 54.575475, -1.2375616667, causesLilith, se, 0.0012429948258641, 10, 13, 13, 1950, 557, 61, 4, 0, 0, 12345, 10.0, 13.0, 13.0, 1950.0, 557.0, 61.0, 4.0, 0.0, 0.0, 12345.0, 
2021-07-14T12:00:23.058118, 54.5754783333, -1.23756, causesLilith, se, 0.0012429948258641, 11, 15, 19, 1995, 573, 74, 12, 5, 5, 12345, 11.0, 15.0, 19.0, 1995.0, 573.0, 74.0, 12.0, 5.0, 5.0, 12345.0, 
2021-07-14T12:00:23.876208, 54.5754816667, -1.237555, causesLilith, se, 0.0012429948258641, 11, 15, 19, 1995, 573, 74, 12, 5, 5, 12345, 11.0, 15.0, 19.0, 1995.0, 573.0, 74.0, 12.0, 5.0, 5.0, 12345.0, 
2021-07-14T12:00:24.990774, 54.5754833333, -1.23755, causesLilith, se, 0.0012429948258641, 11, 15, 19, 1950, 562, 84, 12, 5, 5, 12345, 11.0, 15.0, 19.0, 1950.0, 562.0, 84.0, 12.0, 5.0, 5.0, 12345.0, 
2021-07-14T12:00:26.005620, 54.575485, -1.2375333333, causesLilith, se, 0.0012429948258641, 12, 16, 20, 2028, 585, 94, 12, 5, 5, 12345, 12.0, 16.0, 20.0, 2028.0, 585.0, 94.0, 12.0, 5.0, 5.0, 12345.0, 
2021-07-14T12:00:27.020115, 54.5754816667, -1.2375183333, causesLilith, e, 0.00058772947549996, 12, 16, 20, 2028, 585, 94, 12, 5, 5, 12345, 12.0, 16.0, 20.0, 2028.0, 585.0, 94.0, 12.0, 5.0, 5.0, 12345.0, 
2021-07-14T12:00:28.035257, 54.5754833333, -1.2374933333, causesLilith, e, 0.00058772947549996, 12, 17, 21, 2130, 609, 102, 12, 5, 5, 12345, 12.0, 17.0, 21.0, 2130.0, 609.0, 102.0, 12.0, 5.0, 5.0, 12345.0, 
2021-07-14T12:00:28.950445, 54.575485, -1.2374633333, causesLilith, e, 0.00058772947549996, 12, 17, 21, 2130, 609, 102, 12, 5, 5, 12345, 12.0, 17.0, 21.0, 2130.0, 609.0, 102.0, 12.0, 5.0, 5.0, 12345.0, 
2021-07-14T12:00:30.065406, 54.575485, -1.2374366667, causesLilith, e, 0.00058772947549996, 13, 17, 21, 2199, 622, 99, 12, 5, 5, 12345, 13.0, 17.0, 21.0, 2199.0, 622.0, 99.0, 12.0, 5.0, 5.0, 12345.0, 
2021-07-14T12:00:30.980008, 54.5754883333, -1.23741, causesLilith, e, 0.00058772947549996, 13, 17, 21, 2199, 622, 99, 12, 5, 5, 12345, 13.0, 17.0, 21.0, 2199.0, 622.0, 99.0, 12.0, 5.0, 5.0, 12345.0, 
2021-07-14T12:00:32.094810, 54.57549, -1.2373816667, causesLilith, e, 0.00058772947549996, 12, 17, 21, 2301, 645, 119, 12, 5, 5, 12345, 12.0, 17.0, 21.0, 2301.0, 645.0, 119.0, 12.0, 5.0, 5.0, 12345.0, 
2021-07-14T12:00:33.008883, 54.575495, -1.2373516667, causesLilith, e, 0.00058772947549996, 12, 17, 21, 2316, 645, 117, 12, 5, 5, 12345, 12.0, 17.0, 21.0, 2316.0, 645.0, 117.0, 12.0, 5.0, 5.0, 12345.0, 
2021-07-14T12:00:34.023845, 54.5754966667, -1.2373233333, causesLilith, e, 0.00058772947549996, 12, 17, 21, 2316, 645, 117, 12, 5, 5, 12345, 12.0, 17.0, 21.0, 2316.0, 645.0, 117.0, 12.0, 5.0, 5.0, 12345.0, 
2021-07-14T12:00:35.038589, 54.5754966667, -1.2372916667, causesLilith, e, 0.002100606968112, 12, 17, 23, 2262, 622, 119, 14, 7, 7, 12345, 12.0, 17.0, 23.0, 2262.0, 622.0, 119.0, 14.0, 7.0, 7.0, 12345.0, 
2021-07-14T12:00:36.053687, 54.5754966667, -1.2372583333, causesLilith, e, 0.002100606968112, 12, 17, 23, 2262, 622, 119, 14, 7, 7, 12345, 12.0, 17.0, 23.0, 2262.0, 622.0, 119.0, 14.0, 7.0, 7.0, 12345.0, 
2021-07-14T12:00:37.068501, 54.5754966667, -1.23723, causesLilith, e, 0.002100606968112, 12, 16, 22, 2241, 620, 106, 12, 7, 7, 12345, 12.0, 16.0, 22.0, 2241.0, 620.0, 106.0, 12.0, 7.0, 7.0, 12345.0, 
2021-07-14T12:00:37.983031, 54.5754983333, -1.2372033333, causesLilith, e, 0.002100606968112, 12, 16, 22, 2241, 620, 106, 12, 7, 7, 12345, 12.0, 16.0, 22.0, 2241.0, 620.0, 106.0, 12.0, 7.0, 7.0, 12345.0, 
2021-07-14T12:00:38.997981, 54.5754966667, -1.2371783333, causesLilith, e, 0.002100606968112, 12, 17, 23, 2115, 597, 124, 17, 9, 7, 12345, 12.0, 17.0, 23.0, 2115.0, 597.0, 124.0, 17.0, 9.0, 7.0, 12345.0, 
2021-07-14T12:00:39.911863, 54.5755, -1.237155, causesLilith, e, 0.002100606968112, 12, 17, 23, 2115, 597, 124, 17, 9, 7, 12345, 12.0, 17.0, 23.0, 2115.0, 597.0, 124.0, 17.0, 9.0, 7.0, 12345.0, 
2021-07-14T12:00:40.926925, 54.5755083333, -1.2371433333, causesLilith, e, 0.002100606968112, 12, 16, 18, 2094, 589, 116, 7, 4, 2, 12345, 12.0, 16.0, 18.0, 2094.0, 589.0, 116.0, 7.0, 4.0, 2.0, 12345.0, 
2021-07-14T12:00:41.941421, 54.57552, -1.2371366667, causesLilith, e, 0.002100606968112, 11, 15, 17, 1977, 553, 108, 7, 4, 2, 12345, 11.0, 15.0, 17.0, 1977.0, 553.0, 108.0, 7.0, 4.0, 2.0, 12345.0, 
2021-07-14T12:00:42.955874, 54.5755383333, -1.237125, causesLilith, e, 0.002100606968112, 11, 15, 17, 1977, 553, 108, 7, 4, 2, 12345, 11.0, 15.0, 17.0, 1977.0, 553.0, 108.0, 7.0, 4.0, 2.0, 12345.0, 
2021-07-14T12:00:43.970356, 54.5755566667, -1.23712, causesLilith, e, 0.0018457033210913, 10, 14, 17, 1869, 535, 103, 7, 4, 2, 12345, 10.0, 14.0, 17.0, 1869.0, 535.0, 103.0, 7.0, 4.0, 2.0, 12345.0, 
2021-07-14T12:00:44.985056, 54.57558, -1.237115, causesLilith, e, 0.0018457033210913, 10, 14, 17, 1869, 535, 103, 7, 4, 2, 12345, 10.0, 14.0, 17.0, 1869.0, 535.0, 103.0, 7.0, 4.0, 2.0, 12345.0, 
2021-07-14T12:00:45.899534, 54.5756033333, -1.2371116667, causesLilith, e, 0.0018457033210913, 10, 13, 16, 1728, 501, 98, 7, 4, 2, 12345, 10.0, 13.0, 16.0, 1728.0, 501.0, 98.0, 7.0, 4.0, 2.0, 12345.0, 
2021-07-14T12:00:46.914446, 54.5756283333, -1.23711, causesLilith, e, 0.0018457033210913, 10, 13, 16, 1728, 501, 98, 7, 4, 2, 12345, 10.0, 13.0, 16.0, 1728.0, 501.0, 98.0, 7.0, 4.0, 2.0, 12345.0, 
2021-07-14T12:00:48.032688, 54.575655, -1.2371083333, causesLilith, e, 0.0018457033210913, 10, 13, 16, 1644, 485, 93, 9, 4, 2, 12345, 10.0, 13.0, 16.0, 1644.0, 485.0, 93.0, 9.0, 4.0, 2.0, 12345.0, 
2021-07-14T12:00:49.047550, 54.575685, -1.2370966667, causesLilith, e, 0.0018457033210913, 10, 14, 17, 1680, 496, 88, 11, 4, 2, 12345, 10.0, 14.0, 17.0, 1680.0, 496.0, 88.0, 11.0, 4.0, 2.0, 12345.0, 
2021-07-14T12:00:50.061877, 54.5757133333, -1.2370883333, causesLilith, e, 0.0018457033210913, 10, 14, 17, 1680, 496, 88, 11, 4, 2, 12345, 10.0, 14.0, 17.0, 1680.0, 496.0, 88.0, 11.0, 4.0, 2.0, 12345.0, 
2021-07-14T12:00:50.976649, 54.57574, -1.2370766667, causesLilith, e, 0.0018457033210913, 10, 15, 17, 1626, 491, 98, 13, 4, 2, 12345, 10.0, 15.0, 17.0, 1626.0, 491.0, 98.0, 13.0, 4.0, 2.0, 12345.0, 
2021-07-14T12:00:51.991019, 54.5757666667, -1.2370683333, causesLilith, s, 0.003369595862881, 10, 15, 17, 1626, 491, 98, 13, 4, 2, 12345, 10.0, 15.0, 17.0, 1626.0, 491.0, 98.0, 13.0, 4.0, 2.0, 12345.0, 
2021-07-14T12:00:53.006022, 54.5757916667, -1.2370633333, causesLilith, s, 0.003369595862881, 10, 15, 16, 1686, 507, 91, 11, 2, 0, 12345, 10.0, 15.0, 16.0, 1686.0, 507.0, 91.0, 11.0, 2.0, 0.0, 12345.0, 
2021-07-14T12:00:54.020177, 54.575815, -1.237065, causesLilith, s, 0.003369595862881, 10, 15, 16, 1686, 507, 91, 11, 2, 0, 12345, 10.0, 15.0, 16.0, 1686.0, 507.0, 91.0, 11.0, 2.0, 0.0, 12345.0, 
2021-07-14T12:00:54.934711, 54.575835, -1.23706, causesLilith, s, 0.003369595862881, 10, 15, 16, 1677, 507, 98, 13, 2, 0, 12345, 10.0, 15.0, 16.0, 1677.0, 507.0, 98.0, 13.0, 2.0, 0.0, 12345.0, 
2021-07-14T12:00:56.049105, 54.575855, -1.23705, causesLilith, s, 0.003369595862881, 9, 15, 17, 1764, 525, 100, 15, 2, 2, 12345, 9.0, 15.0, 17.0, 1764.0, 525.0, 100.0, 15.0, 2.0, 2.0, 12345.0, 
2021-07-14T12:00:56.963416, 54.5758783333, -1.2370416667, causesLilith, s, 0.003369595862881, 9, 15, 17, 1764, 525, 100, 15, 2, 2, 12345, 9.0, 15.0, 17.0, 1764.0, 525.0, 100.0, 15.0, 2.0, 2.0, 12345.0, 
2021-07-14T12:00:57.978378, 54.5759033333, -1.2370416667, causesLilith, s, 0.003369595862881, 9, 15, 17, 1725, 520, 98, 15, 2, 2, 12345, 9.0, 15.0, 17.0, 1725.0, 520.0, 98.0, 15.0, 2.0, 2.0, 12345.0, 
2021-07-14T12:00:58.892185, 54.575925, -1.2370366667, causesLilith, s, 0.003369595862881, 10, 18, 19, 1809, 536, 101, 20, 2, 2, 12345, 10.0, 18.0, 19.0, 1809.0, 536.0, 101.0, 20.0, 2.0, 2.0, 12345.0, 
2021-07-14T12:00:59.907037, 54.57595, -1.2370266667, causesLilith, s, 0.0029374265994622, 10, 18, 19, 1824, 525, 104, 20, 2, 2, 12345, 10.0, 18.0, 19.0, 1824.0, 525.0, 104.0, 20.0, 2.0, 2.0, 12345.0, 
2021-07-14T12:01:00.921768, 54.5759783333, -1.2370066667, causesLilith, s, 0.0029374265994622, 10, 17, 20, 1833, 525, 106, 22, 4, 2, 12345, 10.0, 17.0, 20.0, 1833.0, 525.0, 106.0, 22.0, 4.0, 2.0, 12345.0, 
2021-07-14T12:01:01.936414, 54.57601, -1.2369866667, causesLilith, s, 0.0029374265994622, 10, 18, 20, 1863, 538, 122, 20, 4, 2, 12345, 10.0, 18.0, 20.0, 1863.0, 538.0, 122.0, 20.0, 4.0, 2.0, 12345.0, 
2021-07-14T12:01:02.950740, 54.5760366667, -1.2369716667, causesLilith, s, 0.0029374265994622, 9, 17, 19, 1788, 517, 122, 18, 4, 2, 12345, 9.0, 17.0, 19.0, 1788.0, 517.0, 122.0, 18.0, 4.0, 2.0, 12345.0, 
2021-07-14T12:01:03.965736, 54.5760633333, -1.2369683333, causesLilith, s, 0.0029374265994622, 9, 15, 18, 1665, 475, 119, 16, 4, 2, 12345, 9.0, 15.0, 18.0, 1665.0, 475.0, 119.0, 16.0, 4.0, 2.0, 12345.0, 
2021-07-14T12:01:04.880419, 54.57609, -1.2369883333, causesLilith, s, 0.0029374265994622, 7, 14, 18, 1581, 457, 121, 18, 6, 4, 12345, 7.0, 14.0, 18.0, 1581.0, 457.0, 121.0, 18.0, 6.0, 4.0, 12345.0, 
2021-07-14T12:01:05.994764, 54.576115, -1.23699, causesLilith, s, 0.0029374265994622, 7, 13, 18, 1527, 441, 116, 16, 6, 4, 12345, 7.0, 13.0, 18.0, 1527.0, 441.0, 116.0, 16.0, 6.0, 4.0, 12345.0, 
2021-07-14T12:01:06.908968, 54.5761416667, -1.2369883333, causesLilith, s, 0.0029374265994622, 6, 12, 14, 1404, 407, 111, 9, 4, 2, 12345, 6.0, 12.0, 14.0, 1404.0, 407.0, 111.0, 9.0, 4.0, 2.0, 12345.0, 
2021-07-14T12:01:07.923744, 54.576165, -1.2369916667, causesLilith, s, 0.0034304555447414, 7, 12, 14, 1344, 396, 111, 4, 4, 2, 12345, 7.0, 12.0, 14.0, 1344.0, 396.0, 111.0, 4.0, 4.0, 2.0, 12345.0, 
2021-07-14T12:01:08.938043, 54.576185, -1.2369933333, causesLilith, s, 0.0034304555447414, 8, 12, 14, 1383, 415, 116, 4, 4, 2, 12345, 8.0, 12.0, 14.0, 1383.0, 415.0, 116.0, 4.0, 4.0, 2.0, 12345.0, 
2021-07-14T12:01:09.952861, 54.5762083333, -1.2369883333, causesLilith, s, 0.0034304555447414, 8, 12, 14, 1383, 415, 116, 4, 4, 2, 12345, 8.0, 12.0, 14.0, 1383.0, 415.0, 116.0, 4.0, 4.0, 2.0, 12345.0, 
2021-07-14T12:01:10.967548, 54.5762283333, -1.2369816667, causesLilith, s, 0.0034304555447414, 9, 13, 14, 1521, 459, 111, 2, 2, 2, 12345, 9.0, 13.0, 14.0, 1521.0, 459.0, 111.0, 2.0, 2.0, 2.0, 12345.0, 
2021-07-14T12:01:12.082128, 54.57625, -1.2369783333, causesLilith, s, 0.0034304555447414, 9, 13, 14, 1521, 459, 111, 2, 2, 2, 12345, 9.0, 13.0, 14.0, 1521.0, 459.0, 111.0, 2.0, 2.0, 2.0, 12345.0, 
2021-07-14T12:01:12.996713, 54.5762666667, -1.2369516667, causesLilith, s, 0.0034304555447414, 8, 12, 15, 1491, 446, 98, 7, 4, 4, 12345, 8.0, 12.0, 15.0, 1491.0, 446.0, 98.0, 7.0, 4.0, 4.0, 12345.0, 
2021-07-14T12:01:14.011287, 54.576285, -1.2369183333, causesLilith, s, 0.0034304555447414, 8, 11, 14, 1452, 436, 88, 7, 4, 4, 12345, 8.0, 11.0, 14.0, 1452.0, 436.0, 88.0, 7.0, 4.0, 4.0, 12345.0, 
2021-07-14T12:01:15.026049, 54.5763016667, -1.2368816667, causesLilith, se, 0.0023955595697416, 8, 11, 14, 1452, 436, 88, 7, 4, 4, 12345, 8.0, 11.0, 14.0, 1452.0, 436.0, 88.0, 7.0, 4.0, 4.0, 12345.0, 
2021-07-14T12:01:16.040588, 54.576315, -1.236845, causesLilith, se, 0.0023955595697416, 8, 11, 14, 1491, 439, 78, 7, 4, 4, 12345, 8.0, 11.0, 14.0, 1491.0, 439.0, 78.0, 7.0, 4.0, 4.0, 12345.0, 
2021-07-14T12:01:16.959542, 54.57634, -1.23681, causesLilith, se, 0.0023955595697416, 8, 11, 14, 1491, 439, 78, 7, 4, 4, 12345, 8.0, 11.0, 14.0, 1491.0, 439.0, 78.0, 7.0, 4.0, 4.0, 12345.0, 
2021-07-14T12:01:17.974076, 54.5763616667, -1.23679, causesLilith, se, 0.0023955595697416, 7, 10, 12, 1446, 418, 73, 5, 2, 2, 12345, 7.0, 10.0, 12.0, 1446.0, 418.0, 73.0, 5.0, 2.0, 2.0, 12345.0, 
2021-07-14T12:01:18.988247, 54.576375, -1.2367783333, causesLilith, se, 0.0023955595697416, 7, 10, 12, 1446, 418, 73, 5, 2, 2, 12345, 7.0, 10.0, 12.0, 1446.0, 418.0, 73.0, 5.0, 2.0, 2.0, 12345.0, 
2021-07-14T12:01:20.002699, 54.576385, -1.2367483333, causesLilith, se, 0.0023955595697416, 7, 10, 13, 1446, 416, 73, 7, 4, 2, 12345, 7.0, 10.0, 13.0, 1446.0, 416.0, 73.0, 7.0, 4.0, 2.0, 12345.0, 
2021-07-14T12:01:20.916819, 54.57639, -1.23671, causesLilith, se, 0.0023955595697416, 7, 10, 12, 1467, 419, 65, 7, 4, 2, 12345, 7.0, 10.0, 12.0, 1467.0, 419.0, 65.0, 7.0, 4.0, 2.0, 12345.0, 
2021-07-14T12:01:21.931292, 54.57639, -1.236665, causesLilith, se, 0.0023955595697416, 7, 10, 12, 1467, 419, 65, 7, 4, 2, 12345, 7.0, 10.0, 12.0, 1467.0, 419.0, 65.0, 7.0, 4.0, 2.0, 12345.0, 
2021-07-14T12:01:22.945210, 54.576385, -1.2366216667, causesLilith, se, 0.0023955595697416, 8, 10, 13, 1458, 416, 60, 7, 4, 2, 12345, 8.0, 10.0, 13.0, 1458.0, 416.0, 60.0, 7.0, 4.0, 2.0, 12345.0, 
2021-07-14T12:01:23.959611, 54.57638, -1.2365683333, causesLilith, e, 0.0031418347379159, 8, 10, 13, 1458, 416, 60, 7, 4, 2, 12345, 8.0, 10.0, 13.0, 1458.0, 416.0, 60.0, 7.0, 4.0, 2.0, 12345.0, 
2021-07-14T12:01:24.974005, 54.5763766667, -1.236515, causesLilith, e, 0.0031418347379159, 8, 10, 13, 1425, 411, 50, 7, 4, 2, 12345, 8.0, 10.0, 13.0, 1425.0, 411.0, 50.0, 7.0, 4.0, 2.0, 12345.0, 
2021-07-14T12:01:25.988089, 54.5763666667, -1.2364633333, causesLilith, e, 0.0031418347379159, 8, 10, 13, 1425, 411, 50, 7, 4, 2, 12345, 8.0, 10.0, 13.0, 1425.0, 411.0, 50.0, 7.0, 4.0, 2.0, 12345.0, 
2021-07-14T12:01:26.902537, 54.5763516667, -1.2364133333, causesLilith, e, 0.0031418347379159, 8, 10, 14, 1410, 411, 37, 9, 6, 4, 12345, 8.0, 10.0, 14.0, 1410.0, 411.0, 37.0, 9.0, 6.0, 4.0, 12345.0, 
2021-07-14T12:01:27.917310, 54.57634, -1.236355, causesLilith, e, 0.0031418347379159, 8, 10, 14, 1410, 411, 37, 9, 6, 4, 12345, 8.0, 10.0, 14.0, 1410.0, 411.0, 37.0, 9.0, 6.0, 4.0, 12345.0, 
2021-07-14T12:01:28.931308, 54.5763433333, -1.23629, causesLilith, e, 0.0031418347379159, 7, 9, 13, 1257, 364, 40, 11, 6, 4, 12345, 7.0, 9.0, 13.0, 1257.0, 364.0, 40.0, 11.0, 6.0, 4.0, 12345.0, 
2021-07-14T12:01:29.946168, 54.5763633333, -1.2362283333, causesLilith, e, 0.0031418347379159, 7, 8, 11, 1194, 341, 35, 6, 4, 2, 12345, 7.0, 8.0, 11.0, 1194.0, 341.0, 35.0, 6.0, 4.0, 2.0, 12345.0, 
2021-07-14T12:01:30.860024, 54.57636, -1.23618, causesLilith, e, 0.0031418347379159, 7, 8, 11, 1194, 341, 35, 6, 4, 2, 12345, 7.0, 8.0, 11.0, 1194.0, 341.0, 35.0, 6.0, 4.0, 2.0, 12345.0, 
2021-07-14T12:01:31.975233, 54.5763666667, -1.2361233333, causesLilith, e, 0.004102689985456, 6, 8, 11, 1146, 330, 37, 8, 6, 2, 12345, 6.0, 8.0, 11.0, 1146.0, 330.0, 37.0, 8.0, 6.0, 2.0, 12345.0, 
2021-07-14T12:01:32.989752, 54.5763633333, -1.2360683333, causesLilith, e, 0.004102689985456, 6, 8, 11, 1146, 330, 37, 8, 6, 2, 12345, 6.0, 8.0, 11.0, 1146.0, 330.0, 37.0, 8.0, 6.0, 2.0, 12345.0, 
2021-07-14T12:01:33.803955, 54.576365, -1.2360083333, causesLilith, e, 0.004102689985456, 7, 9, 14, 1137, 338, 50, 13, 8, 4, 12345, 7.0, 9.0, 14.0, 1137.0, 338.0, 50.0, 13.0, 8.0, 4.0, 12345.0, 
2021-07-14T12:01:35.018629, 54.57636, -1.235955, causesLilith, e, 0.004102689985456, 7, 9, 14, 1137, 338, 50, 13, 8, 4, 12345, 7.0, 9.0, 14.0, 1137.0, 338.0, 50.0, 13.0, 8.0, 4.0, 12345.0, 
2021-07-14T12:01:36.033323, 54.5763533333, -1.2359, causesLilith, e, 0.004102689985456, 7, 11, 16, 1221, 371, 68, 15, 8, 4, 12345, 7.0, 11.0, 16.0, 1221.0, 371.0, 68.0, 15.0, 8.0, 4.0, 12345.0, 
2021-07-14T12:01:37.047758, 54.576345, -1.235845, causesLilith, e, 0.004102689985456, 7, 10, 18, 1191, 363, 68, 18, 11, 9, 12345, 7.0, 10.0, 18.0, 1191.0, 363.0, 68.0, 18.0, 11.0, 9.0, 12345.0, 
2021-07-14T12:01:37.961615, 54.57634, -1.235785, causesLilith, e, 0.004102689985456, 6, 10, 18, 1107, 335, 71, 20, 11, 9, 12345, 6.0, 10.0, 18.0, 1107.0, 335.0, 71.0, 20.0, 11.0, 9.0, 12345.0, 
2021-07-14T12:01:38.976588, 54.57634, -1.2357316667, causesLilith, e, 0.004102689985456, 7, 11, 19, 1176, 348, 78, 20, 11, 9, 12345, 7.0, 11.0, 19.0, 1176.0, 348.0, 78.0, 20.0, 11.0, 9.0, 12345.0, 
2021-07-14T12:01:39.992044, 54.5763416667, -1.2356766667, causesLilith, e, 0.0041316836745475, 7, 12, 20, 1239, 366, 80, 20, 11, 9, 12345, 7.0, 12.0, 20.0, 1239.0, 366.0, 80.0, 20.0, 11.0, 9.0, 12345.0, 
2021-07-14T12:01:41.016370, 54.5763433333, -1.2356083333, none, e, 0.0041316836745475, 7, 12, 18, 1245, 360, 83, 18, 9, 7, 12345, 7.0, 12.0, 18.0, 1245.0, 360.0, 83.0, 18.0, 9.0, 7.0, 12345.0, 
2021-07-14T12:01:41.935571, 54.5763416667, -1.23555, none, e, 0.0041316836745475, 8, 12, 18, 1383, 394, 78, 16, 9, 7, 12345, 8.0, 12.0, 18.0, 1383.0, 394.0, 78.0, 16.0, 9.0, 7.0, 12345.0, 
2021-07-14T12:01:42.949778, 54.576335, -1.2354933333, none, e, 0.0041316836745475, 9, 13, 19, 1491, 423, 85, 16, 9, 7, 12345, 9.0, 13.0, 19.0, 1491.0, 423.0, 85.0, 16.0, 9.0, 7.0, 12345.0, 
2021-07-14T12:01:43.964500, 54.5763316667, -1.2354366667, none, e, 0.0041316836745475, 9, 14, 19, 1599, 452, 80, 16, 7, 7, 12345, 9.0, 14.0, 19.0, 1599.0, 452.0, 80.0, 16.0, 7.0, 7.0, 12345.0, 
2021-07-14T12:01:44.978678, 54.576325, -1.2353883333, none, e, 0.0041316836745475, 9, 12, 16, 1584, 439, 65, 11, 5, 5, 12345, 9.0, 12.0, 16.0, 1584.0, 439.0, 65.0, 11.0, 5.0, 5.0, 12345.0, 
2021-07-14T12:01:45.892871, 54.5763166667, -1.2353433333, none, e, 0.0041316836745475, 8, 10, 14, 1428, 390, 45, 9, 5, 5, 12345, 8.0, 10.0, 14.0, 1428.0, 390.0, 45.0, 9.0, 5.0, 5.0, 12345.0, 
2021-07-14T12:01:46.907104, 54.5762983333, -1.2353016667, none, e, 0.0041316836745475, 8, 9, 9, 1374, 377, 30, 2, 0, 0, 12345, 8.0, 9.0, 9.0, 1374.0, 377.0, 30.0, 2.0, 0.0, 0.0, 12345.0, 
2021-07-14T12:01:48.021743, 54.5762916667, -1.2352416667, none, e, 0.0040831188549895, 7, 8, 8, 1221, 336, 25, 2, 0, 0, 12345, 7.0, 8.0, 8.0, 1221.0, 336.0, 25.0, 2.0, 0.0, 0.0, 12345.0, 
2021-07-14T12:01:48.936221, 54.5762883333, -1.2351966667, none, e, 0.0040831188549895, 7, 8, 8, 1221, 336, 25, 2, 0, 0, 12345, 7.0, 8.0, 8.0, 1221.0, 336.0, 25.0, 2.0, 0.0, 0.0, 12345.0, 
2021-07-14T12:01:50.050330, 54.5762783333, -1.235155, none, e, 0.0040831188549895, 6, 7, 7, 1152, 316, 28, 2, 0, 0, 12345, 6.0, 7.0, 7.0, 1152.0, 316.0, 28.0, 2.0, 0.0, 0.0, 12345.0, 
2021-07-14T12:01:50.964384, 54.57629, -1.2351133333, none, e, 0.0040831188549895, 6, 7, 7, 1152, 316, 28, 2, 0, 0, 12345, 6.0, 7.0, 7.0, 1152.0, 316.0, 28.0, 2.0, 0.0, 0.0, 12345.0, 
2021-07-14T12:01:51.978475, 54.5762783333, -1.23507, none, e, 0.0040831188549895, 6, 7, 7, 1098, 296, 25, 2, 0, 0, 12345, 6.0, 7.0, 7.0, 1098.0, 296.0, 25.0, 2.0, 0.0, 0.0, 12345.0, 
2021-07-14T12:01:53.093071, 54.5762533333, -1.235035, none, e, 0.0040831188549895, 6, 7, 7, 1098, 296, 25, 2, 0, 0, 12345, 6.0, 7.0, 7.0, 1098.0, 296.0, 25.0, 2.0, 0.0, 0.0, 12345.0, 
2021-07-14T12:01:54.006693, 54.5762366667, -1.235015, none, e, 0.0040831188549895, 5, 6, 6, 960, 262, 20, 2, 0, 0, 12345, 5.0, 6.0, 6.0, 960.0, 262.0, 20.0, 2.0, 0.0, 0.0, 12345.0, 
2021-07-14T12:01:55.020795, 54.5762283333, -1.2349933333, none, e, 0.0040831188549895, 4, 5, 5, 891, 238, 23, 2, 0, 0, 12345, 4.0, 5.0, 5.0, 891.0, 238.0, 23.0, 2.0, 0.0, 0.0, 12345.0, 
2021-07-14T12:01:56.139607, 54.5762233333, -1.23497, none, e, 0.0027266739222768, 4, 5, 5, 891, 238, 23, 2, 0, 0, 12345, 4.0, 5.0, 5.0, 891.0, 238.0, 23.0, 2.0, 0.0, 0.0, 12345.0, 
2021-07-14T12:01:57.053960, 54.576225, -1.23493, none, e, 0.0027266739222768, 4, 4, 4, 822, 220, 21, 0, 0, 0, 12345, 4.0, 4.0, 4.0, 822.0, 220.0, 21.0, 0.0, 0.0, 0.0, 12345.0, 
2021-07-14T12:01:58.067654, 54.5762316667, -1.2348983333, none, e, 0.0027266739222768, 4, 4, 4, 822, 220, 21, 0, 0, 0, 12345, 4.0, 4.0, 4.0, 822.0, 220.0, 21.0, 0.0, 0.0, 0.0, 12345.0, 
2021-07-14T12:01:58.981902, 54.5762466667, -1.234865, none, e, 0.0027266739222768, 4, 5, 5, 861, 233, 28, 2, 0, 0, 12345, 4.0, 5.0, 5.0, 861.0, 233.0, 28.0, 2.0, 0.0, 0.0, 12345.0, 
2021-07-14T12:01:59.995626, 54.576275, -1.2348233333, none, e, 0.0027266739222768, 4, 5, 5, 861, 233, 28, 2, 0, 0, 12345, 4.0, 5.0, 5.0, 861.0, 233.0, 28.0, 2.0, 0.0, 0.0, 12345.0, 
2021-07-14T12:02:00.909311, 54.576305, -1.2347883333, none, e, 0.0027266739222768, 4, 6, 6, 948, 246, 30, 2, 0, 0, 12345, 4.0, 6.0, 6.0, 948.0, 246.0, 30.0, 2.0, 0.0, 0.0, 12345.0, 
2021-07-14T12:02:01.923347, 54.5763383333, -1.2347616667, none, e, 0.0027266739222768, 4, 6, 6, 948, 251, 38, 2, 0, 0, 12345, 4.0, 6.0, 6.0, 948.0, 251.0, 38.0, 2.0, 0.0, 0.0, 12345.0, 
2021-07-14T12:02:02.841927, 54.57637, -1.2347416667, none, e, 0.0027266739222768, 4, 6, 6, 948, 251, 38, 2, 0, 0, 12345, 4.0, 6.0, 6.0, 948.0, 251.0, 38.0, 2.0, 0.0, 0.0, 12345.0, 
2021-07-14T12:02:03.955738, 54.576405, -1.2347233333, none, e, 0.0027266739222768, 5, 8, 8, 1047, 282, 53, 4, 0, 0, 12345, 5.0, 8.0, 8.0, 1047.0, 282.0, 53.0, 4.0, 0.0, 0.0, 12345.0, 
2021-07-14T12:02:04.970088, 54.5764433333, -1.2347083333, none, se, 0.0042446823854545, 5, 8, 8, 1047, 282, 53, 4, 0, 0, 12345, 5.0, 8.0, 8.0, 1047.0, 282.0, 53.0, 4.0, 0.0, 0.0, 12345.0, 
2021-07-14T12:02:05.889187, 54.5764816667, -1.2346916667, solutions, se, 0.0042446823854545, 6, 8, 8, 1155, 302, 53, 6, 0, 0, 12345, 6.0, 8.0, 8.0, 1155.0, 302.0, 53.0, 6.0, 0.0, 0.0, 12345.0, 
2021-07-14T12:02:06.905056, 54.5765183333, -1.23467, solutions, se, 0.0042446823854545, 6, 8, 8, 1155, 302, 53, 6, 0, 0, 12345, 6.0, 8.0, 8.0, 1155.0, 302.0, 53.0, 6.0, 0.0, 0.0, 12345.0, 
2021-07-14T12:02:07.921352, 54.5765566667, -1.2346583333, solutions, se, 0.0042446823854545, 6, 9, 9, 1248, 325, 63, 6, 0, 0, 12345, 6.0, 9.0, 9.0, 1248.0, 325.0, 63.0, 6.0, 0.0, 0.0, 12345.0, 
2021-07-14T12:02:08.941602, 54.5765933333, -1.23464, solutions, se, 0.0042446823854545, 7, 10, 10, 1281, 348, 61, 6, 0, 0, 12345, 7.0, 10.0, 10.0, 1281.0, 348.0, 61.0, 6.0, 0.0, 0.0, 12345.0, 
2021-07-14T12:02:09.964043, 54.5766283333, -1.23462, solutions, se, 0.0042446823854545, 6, 9, 9, 1281, 348, 61, 6, 0, 0, 12345, 6.0, 9.0, 9.0, 1281.0, 348.0, 61.0, 6.0, 0.0, 0.0, 12345.0, 
2021-07-14T12:02:10.877332, 54.57666, -1.234605, solutions, se, 0.0042446823854545, 6, 9, 9, 1350, 372, 63, 6, 0, 0, 12345, 6.0, 9.0, 9.0, 1350.0, 372.0, 63.0, 6.0, 0.0, 0.0, 12345.0, 
2021-07-14T12:02:11.991784, 54.5766916667, -1.2345916667, solutions, se, 0.0042446823854545, 6, 9, 9, 1350, 372, 63, 6, 0, 0, 12345, 6.0, 9.0, 9.0, 1350.0, 372.0, 63.0, 6.0, 0.0, 0.0, 12345.0, 
2021-07-14T12:02:12.905819, 54.5767233333, -1.234575, solutions, se, 0.0046141138012627, 6, 10, 10, 1383, 388, 65, 6, 0, 0, 12345, 6.0, 10.0, 10.0, 1383.0, 388.0, 65.0, 6.0, 0.0, 0.0, 12345.0, 
2021-07-14T12:02:13.927181, 54.5767533333, -1.2345583333, solutions, se, 0.0046141138012627, 7, 11, 11, 1383, 388, 65, 6, 0, 0, 12345, 7.0, 11.0, 11.0, 1383.0, 388.0, 65.0, 6.0, 0.0, 0.0, 12345.0, 
2021-07-14T12:02:14.943497, 54.5767816667, -1.2345483333, solutions, se, 0.0046141138012627, 8, 12, 12, 1446, 403, 80, 8, 0, 0, 12345, 8.0, 12.0, 12.0, 1446.0, 403.0, 80.0, 8.0, 0.0, 0.0, 12345.0, 
2021-07-14T12:02:15.963286, 54.5768083333, -1.2345283333, solutions, se, 0.0046141138012627, 7, 11, 11, 1440, 403, 78, 6, 0, 0, 12345, 7.0, 11.0, 11.0, 1440.0, 403.0, 78.0, 6.0, 0.0, 0.0, 12345.0, 
2021-07-14T12:02:16.977385, 54.5768333333, -1.2345066667, solutions, se, 0.0046141138012627, 7, 11, 11, 1440, 403, 78, 6, 0, 0, 12345, 7.0, 11.0, 11.0, 1440.0, 403.0, 78.0, 6.0, 0.0, 0.0, 12345.0, 
2021-07-14T12:02:17.991630, 54.5768583333, -1.2344883333, solutions, se, 0.0046141138012627, 7, 12, 12, 1500, 429, 86, 8, 0, 0, 12345, 7.0, 12.0, 12.0, 1500.0, 429.0, 86.0, 8.0, 0.0, 0.0, 12345.0, 
2021-07-14T12:02:18.905641, 54.57688, -1.2344816667, solutions, se, 0.0046141138012627, 7, 12, 12, 1500, 429, 86, 8, 0, 0, 12345, 7.0, 12.0, 12.0, 1500.0, 429.0, 86.0, 8.0, 0.0, 0.0, 12345.0, 
2021-07-14T12:02:19.919702, 54.5769016667, -1.234475, solutions, se, 0.0046141138012627, 7, 11, 11, 1485, 424, 76, 8, 0, 0, 12345, 7.0, 11.0, 11.0, 1485.0, 424.0, 76.0, 8.0, 0.0, 0.0, 12345.0, 
2021-07-14T12:02:20.933645, 54.576925, -1.2344666667, solutions, se, 0.0033551816127934, 7, 11, 11, 1485, 424, 76, 8, 0, 0, 12345, 7.0, 11.0, 11.0, 1485.0, 424.0, 76.0, 8.0, 0.0, 0.0, 12345.0, 
2021-07-14T12:02:21.947849, 54.5769483333, -1.2344566667, solutions, se, 0.0033551816127934, 7, 11, 11, 1479, 416, 63, 6, 0, 0, 12345, 7.0, 11.0, 11.0, 1479.0, 416.0, 63.0, 6.0, 0.0, 0.0, 12345.0, 
2021-07-14T12:02:22.962330, 54.57697, -1.2344433333, solutions, se, 0.0033551816127934, 8, 11, 11, 1539, 442, 68, 4, 0, 0, 12345, 8.0, 11.0, 11.0, 1539.0, 442.0, 68.0, 4.0, 0.0, 0.0, 12345.0, 
2021-07-14T12:02:23.976205, 54.57699, -1.2344333333, solutions, se, 0.0033551816127934, 8, 11, 11, 1539, 442, 68, 4, 0, 0, 12345, 8.0, 11.0, 11.0, 1539.0, 442.0, 68.0, 4.0, 0.0, 0.0, 12345.0, 
2021-07-14T12:02:24.994000, 54.5770083333, -1.2344216667, solutions, se, 0.0033551816127934, 8, 11, 12, 1560, 450, 58, 6, 2, 0, 12345, 8.0, 11.0, 12.0, 1560.0, 450.0, 58.0, 6.0, 2.0, 0.0, 12345.0, 
2021-07-14T12:02:26.015075, 54.5770216667, -1.2344116667, solutions, se, 0.0033551816127934, 8, 11, 12, 1560, 450, 58, 6, 2, 0, 12345, 8.0, 11.0, 12.0, 1560.0, 450.0, 58.0, 6.0, 2.0, 0.0, 12345.0, 
2021-07-14T12:02:26.933416, 54.5770316667, -1.2344, solutions, se, 0.0033551816127934, 8, 11, 14, 1620, 455, 65, 11, 4, 2, 12345, 8.0, 11.0, 14.0, 1620.0, 455.0, 65.0, 11.0, 4.0, 2.0, 12345.0, 
2021-07-14T12:02:27.947733, 54.5770366667, -1.2343916667, solutions, se, 0.0033551816127934, 8, 11, 14, 1620, 455, 65, 11, 4, 2, 12345, 8.0, 11.0, 14.0, 1620.0, 455.0, 65.0, 11.0, 4.0, 2.0, 12345.0, 
2021-07-14T12:02:28.962173, 54.57704, -1.2343883333, solutions, se, 0.0019640367161426, 8, 11, 14, 1635, 452, 68, 11, 4, 2, 12345, 8.0, 11.0, 14.0, 1635.0, 452.0, 68.0, 11.0, 4.0, 2.0, 12345.0, 
2021-07-14T12:02:29.976450, 54.577045, -1.234385, solutions, se, 0.0019640367161426, 8, 11, 14, 1635, 452, 68, 11, 4, 2, 12345, 8.0, 11.0, 14.0, 1635.0, 452.0, 68.0, 11.0, 4.0, 2.0, 12345.0, 
2021-07-14T12:02:30.990296, 54.577045, -1.2343866667, solutions, se, 0.0019640367161426, 8, 12, 15, 1725, 478, 68, 13, 4, 2, 12345, 8.0, 12.0, 15.0, 1725.0, 478.0, 68.0, 13.0, 4.0, 2.0, 12345.0, 
2021-07-14T12:02:31.907818, 54.5770466667, -1.2343833333, solutions, se, 0.0019640367161426, 9, 12, 16, 1764, 494, 65, 13, 6, 4, 12345, 9.0, 12.0, 16.0, 1764.0, 494.0, 65.0, 13.0, 6.0, 4.0, 12345.0, 
2021-07-14T12:02:32.921785, 54.5770466667, -1.234375, solutions, se, 0.0019640367161426, 9, 12, 16, 1764, 494, 65, 13, 6, 4, 12345, 9.0, 12.0, 16.0, 1764.0, 494.0, 65.0, 13.0, 6.0, 4.0, 12345.0, 
2021-07-14T12:02:33.935961, 54.5770433333, -1.2343633333, solutions, se, 0.0019640367161426, 10, 13, 17, 1746, 491, 70, 13, 6, 4, 12345, 10.0, 13.0, 17.0, 1746.0, 491.0, 70.0, 13.0, 6.0, 4.0, 12345.0, 
2021-07-14T12:02:34.950032, 54.57704, -1.2343533333, solutions, se, 0.0019640367161426, 10, 13, 17, 1746, 491, 70, 13, 6, 4, 12345, 10.0, 13.0, 17.0, 1746.0, 491.0, 70.0, 13.0, 6.0, 4.0, 12345.0, 
2021-07-14T12:02:35.964252, 54.577035, -1.234345, solutions, se, 0.0019640367161426, 10, 12, 17, 1701, 476, 65, 11, 6, 4, 12345, 10.0, 12.0, 17.0, 1701.0, 476.0, 65.0, 11.0, 6.0, 4.0, 12345.0, 
2021-07-14T12:02:36.878359, 54.5770283333, -1.2343416667, solutions, e, 0.00046784625618466, 10, 12, 17, 1701, 476, 65, 11, 6, 4, 12345, 10.0, 12.0, 17.0, 1701.0, 476.0, 65.0, 11.0, 6.0, 4.0, 12345.0, 
2021-07-14T12:02:37.893079, 54.5770233333, -1.2343383333, solutions, e, 0.00046784625618466, 8, 11, 16, 1701, 471, 65, 11, 6, 4, 12345, 8.0, 11.0, 16.0, 1701.0, 471.0, 65.0, 11.0, 6.0, 4.0, 12345.0, 
2021-07-14T12:37:44.540777, 54.57702, -1.23434, solutions, n, 0.00013288173634045, 9, 11, 16, 1731, 486, 63, 11, 6, 4, 12345, 9.0, 11.0, 16.0, 1731.0, 486.0, 63.0, 11.0, 6.0, 4.0, 12345.0, 
2021-07-14T12:37:45.555030, 54.5770166667, -1.23434, solutions, n, 0.00013288173634045, 10, 12, 17, 1731, 486, 63, 11, 6, 4, 12345, 10.0, 12.0, 17.0, 1731.0, 486.0, 63.0, 11.0, 6.0, 4.0, 12345.0, 
2021-07-14T12:37:46.669733, 54.5770133333, -1.2343416667, solutions, n, 0.00013288173634045, 9, 12, 16, 1677, 473, 56, 11, 6, 4, 12345, 9.0, 12.0, 16.0, 1677.0, 473.0, 56.0, 11.0, 6.0, 4.0, 12345.0, 
2021-07-14T12:37:47.602657, 54.57701, -1.2343416667, solutions, n, 0.00013288173634045, 9, 12, 16, 1677, 473, 56, 11, 6, 4, 12345, 9.0, 12.0, 16.0, 1677.0, 473.0, 56.0, 11.0, 6.0, 4.0, 12345.0, 
2021-07-14T12:37:48.517179, 54.577005, -1.23435, solutions, n, 0.00013288173634045, 9, 12, 15, 1677, 468, 63, 9, 4, 4, 12345, 9.0, 12.0, 15.0, 1677.0, 468.0, 63.0, 9.0, 4.0, 4.0, 12345.0, 
2021-07-14T12:37:49.532193, 54.5770016667, -1.2343533333, solutions, n, 0.00013288173634045, 9, 12, 15, 1677, 468, 63, 9, 4, 4, 12345, 9.0, 12.0, 15.0, 1677.0, 468.0, 63.0, 9.0, 4.0, 4.0, 12345.0, 
2021-07-14T12:37:50.447922, 54.5769966667, -1.2343566667, solutions, n, 0.00013288173634045, 9, 12, 13, 1638, 468, 68, 4, 2, 2, 12345, 9.0, 12.0, 13.0, 1638.0, 468.0, 68.0, 4.0, 2.0, 2.0, 12345.0, 
2021-07-14T12:37:51.462099, 54.5769933333, -1.23436, solutions, n, 0.00013288173634045, 9, 12, 13, 1638, 460, 65, 4, 2, 2, 12345, 9.0, 12.0, 13.0, 1638.0, 460.0, 65.0, 4.0, 2.0, 2.0, 12345.0, 
2021-07-14T12:37:52.476589, 54.5769916667, -1.234355, solutions, nw, 0.00047098093953097, 9, 12, 13, 1638, 460, 65, 4, 2, 2, 12345, 9.0, 12.0, 13.0, 1638.0, 460.0, 65.0, 4.0, 2.0, 2.0, 12345.0, 
2021-07-14T12:37:53.491827, 54.5769916667, -1.2343566667, solutions, nw, 0.00047098093953097, 9, 10, 12, 1530, 431, 58, 2, 2, 2, 12345, 9.0, 10.0, 12.0, 1530.0, 431.0, 58.0, 2.0, 2.0, 2.0, 12345.0, 
2021-07-14T12:37:54.506599, 54.5769883333, -1.2343583333, solutions, nw, 0.00047098093953097, 9, 10, 12, 1530, 431, 58, 2, 2, 2, 12345, 9.0, 10.0, 12.0, 1530.0, 431.0, 58.0, 2.0, 2.0, 2.0, 12345.0, 
2021-07-14T12:37:55.520944, 54.5769866667, -1.2343616667, solutions, nw, 0.00047098093953097, 8, 10, 10, 1497, 420, 51, 0, 0, 0, 12345, 8.0, 10.0, 10.0, 1497.0, 420.0, 51.0, 0.0, 0.0, 0.0, 12345.0, 
2021-07-14T12:37:56.535503, 54.5769866667, -1.23436, solutions, nw, 0.00047098093953097, 8, 10, 10, 1497, 420, 51, 0, 0, 0, 12345, 8.0, 10.0, 10.0, 1497.0, 420.0, 51.0, 0.0, 0.0, 0.0, 12345.0, 
2021-07-14T12:37:57.550115, 54.576985, -1.23436, solutions, nw, 0.00047098093953097, 8, 10, 10, 1530, 428, 48, 0, 0, 0, 12345, 8.0, 10.0, 10.0, 1530.0, 428.0, 48.0, 0.0, 0.0, 0.0, 12345.0, 
2021-07-14T12:37:58.564901, 54.5769883333, -1.2343583333, solutions, nw, 0.00047098093953097, 8, 10, 10, 1521, 430, 50, 0, 0, 0, 12345, 8.0, 10.0, 10.0, 1521.0, 430.0, 50.0, 0.0, 0.0, 0.0, 12345.0, 
2021-07-14T12:37:59.579097, 54.57699, -1.2343533333, solutions, nw, 0.00047098093953097, 8, 10, 10, 1521, 430, 50, 0, 0, 0, 12345, 8.0, 10.0, 10.0, 1521.0, 430.0, 50.0, 0.0, 0.0, 0.0, 12345.0, 
2021-07-14T12:38:00.493843, 54.57699, -1.2343483333, solutions, e, 6.6440868170226e-05, 9, 10, 10, 1575, 445, 52, 0, 0, 0, 12345, 9.0, 10.0, 10.0, 1575.0, 445.0, 52.0, 0.0, 0.0, 0.0, 12345.0, 
2021-07-14T12:38:01.508406, 54.5769883333, -1.2343433333, solutions, e, 6.6440868170226e-05, 9, 10, 10, 1575, 445, 52, 0, 0, 0, 12345, 9.0, 10.0, 10.0, 1575.0, 445.0, 52.0, 0.0, 0.0, 0.0, 12345.0, 
2021-07-14T12:38:02.522758, 54.57699, -1.23434, solutions, e, 6.6440868170226e-05, 9, 11, 11, 1638, 453, 64, 2, 0, 0, 12345, 9.0, 11.0, 11.0, 1638.0, 453.0, 64.0, 2.0, 0.0, 0.0, 12345.0, 
2021-07-14T12:38:03.436966, 54.57699, -1.234335, solutions, e, 6.6440868170226e-05, 9, 11, 11, 1638, 453, 64, 2, 0, 0, 12345, 9.0, 11.0, 11.0, 1638.0, 453.0, 64.0, 2.0, 0.0, 0.0, 12345.0, 
2021-07-14T12:38:04.451295, 54.57699, -1.2343316667, solutions, e, 6.6440868170226e-05, 9, 12, 12, 1710, 471, 82, 2, 0, 0, 12345, 9.0, 12.0, 12.0, 1710.0, 471.0, 82.0, 2.0, 0.0, 0.0, 12345.0, 
2021-07-14T12:38:05.565721, 54.57699, -1.23433, solutions, e, 6.6440868170226e-05, 9, 12, 12, 1710, 471, 82, 2, 0, 0, 12345, 9.0, 12.0, 12.0, 1710.0, 471.0, 82.0, 2.0, 0.0, 0.0, 12345.0, 
2021-07-14T12:38:06.580207, 54.57699, -1.2343316667, solutions, e, 6.6440868170226e-05, 9, 12, 14, 1749, 486, 80, 4, 2, 2, 12345, 9.0, 12.0, 14.0, 1749.0, 486.0, 80.0, 4.0, 2.0, 2.0, 12345.0, 
2021-07-14T12:38:07.494033, 54.5769883333, -1.23433, solutions, e, 6.6440868170226e-05, 9, 13, 14, 1764, 489, 80, 6, 2, 2, 12345, 9.0, 13.0, 14.0, 1764.0, 489.0, 80.0, 6.0, 2.0, 2.0, 12345.0, 
2021-07-14T12:38:08.508578, 54.5769883333, -1.2343266667, solutions, e, 0.00020115971804213, 9, 13, 14, 1764, 489, 80, 6, 2, 2, 12345, 9.0, 13.0, 14.0, 1764.0, 489.0, 80.0, 6.0, 2.0, 2.0, 12345.0, 
2021-07-14T12:38:09.522396, 54.57699, -1.23432, solutions, e, 0.00020115971804213, 9, 13, 14, 1701, 479, 88, 6, 2, 2, 12345, 9.0, 13.0, 14.0, 1701.0, 479.0, 88.0, 6.0, 2.0, 2.0, 12345.0, 
2021-07-14T12:38:10.536719, 54.57699, -1.2343233333, solutions, e, 0.00020115971804213, 9, 13, 14, 1701, 479, 88, 6, 2, 2, 12345, 9.0, 13.0, 14.0, 1701.0, 479.0, 88.0, 6.0, 2.0, 2.0, 12345.0, 
2021-07-14T12:38:11.650724, 54.57699, -1.234325, solutions, e, 0.00020115971804213, 10, 13, 15, 1740, 490, 90, 6, 2, 2, 12345, 10.0, 13.0, 15.0, 1740.0, 490.0, 90.0, 6.0, 2.0, 2.0, 12345.0, 
2021-07-14T12:38:12.465202, 54.5769983333, -1.2343066667, solutions, e, 0.00020115971804213, 9, 13, 14, 1710, 477, 87, 6, 2, 2, 12345, 9.0, 13.0, 14.0, 1710.0, 477.0, 87.0, 6.0, 2.0, 2.0, 12345.0, 
2021-07-14T12:38:13.479374, 54.5770016667, -1.23429, solutions, e, 0.00020115971804213, 9, 13, 14, 1710, 477, 87, 6, 2, 2, 12345, 9.0, 13.0, 14.0, 1710.0, 477.0, 87.0, 6.0, 2.0, 2.0, 12345.0, 
2021-07-14T12:38:14.493766, 54.5770066667, -1.2342683333, solutions, e, 0.00020115971804213, 9, 13, 14, 1632, 454, 95, 8, 2, 2, 12345, 9.0, 13.0, 14.0, 1632.0, 454.0, 95.0, 8.0, 2.0, 2.0, 12345.0, 
2021-07-14T12:38:15.507816, 54.5770133333, -1.2342483333, solutions, e, 0.00020115971804213, 8, 12, 13, 1632, 454, 95, 8, 2, 2, 12345, 8.0, 12.0, 13.0, 1632.0, 454.0, 95.0, 8.0, 2.0, 2.0, 12345.0, 
